value,name,national_desc,nato_desc,comm_designation_desc,deleted,new,SISO
10,EMITTER_1RL138,1RL138,0,0,0,0,0
45,EMITTER_1226_DECCA_MIL,1226 DECCA MIL,0,0,0,0,0
80,EMITTER_9GR400,9GR400,0,0,0,0,0
90,EMITTER_9GR600,9GR600,0,0,0,0,0
135,EMITTER_9LV_200_TA,9LV 200 TA,0,0,0,0,0
180,EMITTER_9LV_200_TV,9LV 200 TV,0,0,0,0,0
225,EMITTER_A310Z,0,A310Z,0,0,0,0
270,EMITTER_A325A,0,A325A,0,0,0,0
315,EMITTER_A346Z,0,A346Z,0,0,0,0
360,EMITTER_A353B,0,A353B,0,0,0,0
405,EMITTER_A372A,0,A372A,0,0,0,0
450,EMITTER_A372B,0,A372B,0,0,0,0
495,EMITTER_A372C,0,A372C,0,0,0,0
540,EMITTER_A377A,0,A377A,0,0,0,0
585,EMITTER_A377B,0,A377B,0,0,0,0
630,EMITTER_A380Z,0,A380Z,0,0,0,0
675,EMITTER_A381Z,0,A381Z,0,0,0,0
720,EMITTER_A398Z,0,A398Z,0,0,0,0
765,EMITTER_A403Z,0,A403Z,0,0,0,0
810,EMITTER_A409A,0,A409A,0,0,0,0
855,EMITTER_A418A,0,A418A,0,0,0,0
900,EMITTER_A419Z,0,A419Z,0,0,0,0
945,EMITTER_A429Z,0,A429Z,0,0,0,0
990,EMITTER_A432Z,0,A432Z,0,0,0,0
1035,EMITTER_A434Z,0,A434Z,0,0,0,0
1080,EMITTER_A401A,0,A401A,0,0,0,0
1095,EMITTER_AA_12_SEEKER,AA-12 Seeker,0,0,0,0,0
1100,EMITTER_AGAVE,Agave,0,0,0,0,0
1125,EMITTER_AGRION_15,AGRION 15,0,0,0,0,0
1170,EMITTER_AI_MK_23,AI MK 23,0,0,0,0,0
1215,EMITTER_AIDA_II,AIDA II,0,0,0,0,0
1260,EMITTER_ALBATROS_MK2,Albatros MK2,0,0,0,0,0
1280,EMITTER_BOX_SPRING,1L13-3 (55G6),Box Spring,0,0,0,0
1282,EMITTER_BOX_SPRING_B,1L13-3 (55G6),Box Spring B,0,0,0,0
1305,EMITTER_ANA_SPS_502,ANA SPS 502,0,0,0,0,0
1350,EMITTER_ANRITSU_ELECTRIC_AR_30A,ANRITSU Electric AR-30A,0,0,0,0,0
1395,EMITTER_ANTILOPE_V,Antilope V,0,0,0,0,0
1400,EMITTER_AN_ALE_50,AN/ALE-50,0,0,0,0,0
1410,EMITTER_AN_ALQ_76,AN/ALQ-76,0,0,0,1,1
1440,EMITTER_AN_ALQ_99,AN/ALQ-99,0,0,0,0,0
1485,EMITTER_AN_ALQ_100,AN/ALQ-100,0,0,0,0,0
1530,EMITTER_AN_ALQ_101,AN/ALQ-101,0,0,0,0,0
1575,EMITTER_AN_ALQ_119,AN/ALQ-119,0,0,0,0,0
1585,EMITTER_AN_ALQ_122,AN/ALQ-122,0,0,0,0,0
1620,EMITTER_AN_ALQ_126A,AN/ALQ-126A,0,0,0,0,0
1626,EMITTER_AN_ALQ_131,AN/ALQ-131,0,0,0,0,0
1628,EMITTER_AN_ALQ_135C_D,AN/ALQ-135C/D,0,0,0,0,0
1630,EMITTER_AN_ALQ_144AV3,AN/ALQ-144A(V)3,0,0,0,0,0
1632,EMITTER_AN_ALQ_153,AN/ALQ-153,0,0,0,0,0
1634,EMITTER_AN_ALQ_155,AN/ALQ-155,0,0,0,0,0
1636,EMITTER_AN_ALQ_161_A,AN/ALQ-161/A,0,0,0,0,0
1638,EMITTER_AN_ALQ_162,AN/ALQ-162 (see 39210),0,0,0,0,0
1639,EMITTER_AN_ALQ_164,AN/ALQ-164,0,0,0,1,1
1640,EMITTER_AN_ALQ_165,AN/ALQ-165,0,0,0,0,0
1642,EMITTER_AN_ALQ_167,AN/ALQ-167,0,0,0,0,0
1643,EMITTER_AN_ALQ_172V1,AN/ALQ-172(V)1,0,0,0,1,1
1644,EMITTER_AN_ALQ_172V2,AN/ALQ-172(V)2,0,0,0,0,0
1645,EMITTER_AN_ALQ_172V3,AN/ALQ-172(V)3,0,0,0,1,1
1646,EMITTER_AN_ALQ_176,AN/ALQ-176,0,0,0,0,0
1648,EMITTER_AN_ALQ_184,AN/ALQ-184,0,0,0,0,0
1649,EMITTER_AN_ALQ_184V9,AN/ALQ-184(V)9,0,0,0,1,1
1650,EMITTER_AN_ALQ_188,AN/ALQ-188,0,0,0,0,0
1651,EMITTER_AN_ALQ_214,AN/ALQ-214,0,0,0,1,1
1652,EMITTER_AN_ALR_56,AN/ALR-56,0,0,0,0,0
1653,EMITTER_AN_ALQ_221,AN/ALQ-221,0,0,0,1,1
1654,EMITTER_AN_ALR_69,AN/ALR-69,0,0,0,0,0
1656,EMITTER_AN_ALT_16A,AN/ALT-16A,0,0,0,0,0
1658,EMITTER_AN_ALT_28,AN/ALT-28,0,0,0,0,0
1660,EMITTER_AN_ALT_32A,AN/ALT-32A,0,0,0,0,0
1665,EMITTER_AN_APD_10,AN/APD-10,0,0,0,0,0
1710,EMITTER_AN_APG_53,AN/APG-53,0,0,0,0,0
1755,EMITTER_AN_APG_59,AN/APG-59,0,0,0,0,0
1800,EMITTER_AN_APG_63AB,AN/APG-63AB,0,0,0,0,0
1805,EMITTER_AN_APG_63V1_C,AN/APG-63(V)1 C,0,0,0,0,0
1807,EMITTER_AN_APG_63V2,AN/APG-63(V)2,0,0,0,0,0
1809,EMITTER_AN_APG_63V3,AN/APG-63(V)3,0,0,0,0,0
1845,EMITTER_AN_APG_65,AN/APG-65,0,0,0,0,0
1870,EMITTER_AN_APG_66,AN/APG-66,0,0,0,0,0
1890,EMITTER_AN_APG_68,AN/APG-68,0,0,0,0,0
1935,EMITTER_AN_APG_70,AN/APG-70,0,0,0,0,0
1945,EMITTER_AN_APG_73,AN/APG-73,0,0,0,0,0
1960,EMITTER_AN_APG_77,AN/APG-77,0,0,0,0,0
1970,EMITTER_AN_APG_78,AN/APG-78,0,0,0,0,0
1971,EMITTER_AN_APG_79,AN/APG-79,0,0,0,1,1
1980,EMITTER_AN_APG_502,AN/APG-502,0,0,0,0,0
2025,EMITTER_AN_APN_1,AN/APN-1,0,0,0,0,0
2070,EMITTER_AN_APN_22,AN/APN-22,0,0,0,0,0
2115,EMITTER_AN_APN_59,AN/APN-59,0,0,0,0,0
2160,EMITTER_AN_APN_69,AN/APN-69,0,0,0,0,0
2205,EMITTER_AN_APN_81,AN/APN-81,0,0,0,0,0
2250,EMITTER_AN_APN_117,AN/APN-117,0,0,0,0,0
2295,EMITTER_AN_APN_118,AN/APN-118,0,0,0,0,0
2340,EMITTER_AN_APN_130,AN/APN-130,0,0,0,0,0
2385,EMITTER_AN_APN_131,AN/APN-131,0,0,0,0,0
2430,EMITTER_AN_APN_133,AN/APN-133,0,0,0,0,0
2475,EMITTER_AN_APN_134,AN/APN-134,0,0,0,0,0
2520,EMITTER_AN_APN_147,AN/APN-147,0,0,0,0,0
2565,EMITTER_AN_APN_150,AN/APN-150,0,0,0,0,0
2610,EMITTER_AN_APN_153,AN/APN-153,0,0,0,0,0
2655,EMITTER_AN_APN_154,AN/APN-154,0,0,0,0,0
2700,EMITTER_AN_APN_155,AN/APN-155,0,0,0,0,0
2745,EMITTER_AN_APN_159,AN/APN-159,0,0,0,0,0
2790,EMITTER_AN_APN_182,AN/APN-182,0,0,0,0,0
2835,EMITTER_AN_APN_187,AN/APN-187,0,0,0,0,0
2880,EMITTER_AN_APN_190,AN/APN-190,0,0,0,0,0
2925,EMITTER_AN_APN_194,AN/APN-194,0,0,0,0,0
2970,EMITTER_AN_APN_195,AN/APN-195,0,0,0,0,0
3015,EMITTER_AN_APN_198,AN/APN-198,0,0,0,0,0
3060,EMITTER_AN_APN_200,AN/APN-200,0,0,0,0,0
3105,EMITTER_AN_APN_202,AN/APN-202,0,0,0,0,0
3120,EMITTER_AN_APN_209,AN/APN-209,0,0,0,1,1
3150,EMITTER_AN_APN_217,AN/APN-217,0,0,0,0,0
3152,EMITTER_AN_APN_218,AN/APN-218,0,0,0,0,0
3153,EMITTER_AN_APN_224,AN/APN-224,0,0,0,1,1
3154,EMITTER_AN_APN_227,AN/APN-227,0,0,0,1,1
3155,EMITTER_AN_APN_230,AN/APN-230,0,0,0,1,1
3156,EMITTER_AN_APN_232,AN/APN-232,0,0,0,1,1
3158,EMITTER_AN_APN_234,AN/APN-234,0,0,0,1,1
3159,EMITTER_AN_APN_235,AN/APN-235,0,0,0,1,1
3160,EMITTER_AN_APN_238,AN/APN-238,0,0,0,0,0
3162,EMITTER_AN_APN_239,AN/APN-239,0,0,0,0,0
3164,EMITTER_AN_APN_241,AN/APN-241,0,0,0,0,0
3166,EMITTER_AN_APN_242,AN/APN-242,0,0,0,0,0
3170,EMITTER_AN_APN_243,AN/APN-243,0,0,0,1,1
3195,EMITTER_AN_APN_506,AN/APN-506,0,0,0,0,0
3240,EMITTER_AN_APQ_72,AN/APQ-72,0,0,0,0,0
3285,EMITTER_AN_APQ_99,AN/APQ-99,0,0,0,0,0
3330,EMITTER_AN_APQ_100,AN/APQ-100,0,0,0,0,0
3375,EMITTER_AN_APQ_102,AN/APQ-102,0,0,0,0,0
3420,EMITTER_AN_APQ_109,AN/APQ-109,0,0,0,0,0
3465,EMITTER_AN_APQ_113,AN/APQ-113,0,0,0,0,0
3510,EMITTER_AN_APQ_120,AN/APQ-120,0,0,0,0,0
3555,EMITTER_AN_APQ_126,AN/APQ-126,0,0,0,0,0
3600,EMITTER_AN_APQ_128,AN/APQ-128,0,0,0,0,0
3645,EMITTER_AN_APQ_129,AN/APQ-129,0,0,0,0,0
3690,EMITTER_AN_APQ_148,AN/APQ-148,0,0,0,0,0
3735,EMITTER_AN_APQ_153,AN/APQ-153,0,0,0,0,0
3780,EMITTER_AN_APQ_159,AN/APQ-159,0,0,0,0,0
3785,EMITTER_AN_APQ_164,AN/APQ-164,0,0,0,0,0
3788,EMITTER_AN_APQ_166,AN/APQ-166,0,0,0,0,0
3795,EMITTER_AN_APQ_181,AN/APQ-181,0,0,0,0,0
3820,EMITTER_AN_APS_31,AN/APS-31,0,0,0,0,0
3825,EMITTER_AN_APS_42,AN/APS-42,0,0,0,0,0
3870,EMITTER_AN_APS_80,AN/APS-80,0,0,0,0,0
3915,EMITTER_AN_APS_88,AN/APS-88,0,0,0,0,0
3960,EMITTER_AN_APS_115,AN/APS-115,0,0,0,0,0
4005,EMITTER_AN_APS_116,AN/APS-116,0,0,0,0,0
4050,EMITTER_AN_APS_120,AN/APS-120,0,0,0,0,0
4095,EMITTER_AN_APS_121,AN/APS-121,0,0,0,0,0
4140,EMITTER_AN_APS_124,AN/APS-124,0,0,0,0,0
4185,EMITTER_AN_APS_125,AN/APS-125,0,0,0,0,0
4230,EMITTER_AN_APS_128,AN/APS-128,0,0,0,0,0
4275,EMITTER_AN_APS_130,AN/APS-130,0,0,0,0,0
4320,EMITTER_AN_APS_133,AN/APS-133,0,0,0,0,0
4365,EMITTER_AN_APS_134,AN/APS-134,0,0,0,0,0
4410,EMITTER_AN_APS_137,AN/APS-137,0,0,0,0,0
4455,EMITTER_AN_APS_138,AN/APS-138,0,0,0,0,0
4465,EMITTER_AN_APS_143V1,AN/APS-143(V)1,0,0,0,0,0
4480,EMITTER_AN_APS_150,AN/APS-150,0,0,0,1,1
4500,EMITTER_AN_APW_22,AN/APW-22,0,0,0,0,0
4545,EMITTER_AN_APW_23,AN/APW-23,0,0,0,0,0
4590,EMITTER_AN_APX_6,AN/APX-6,0,0,0,0,0
4635,EMITTER_AN_APX_7,AN/APX-7,0,0,0,0,0
4680,EMITTER_AN_APX_39,AN/APX-39,0,0,0,0,0
4725,EMITTER_AN_APX_72,AN/APX-72,0,0,0,0,0
4770,EMITTER_AN_APX_76,AN/APX-76,0,0,0,0,0
4815,EMITTER_AN_APX_78,AN/APX-78,0,0,0,0,0
4860,EMITTER_AN_APX_101,AN/APX-101,0,0,0,0,0
4870,EMITTER_AN_APX_113_AIFF,AN/APX-113 AIFF,0,0,0,0,0
4900,EMITTER_AN_APY_1,AN/APY-1,0,0,0,0,0
4905,EMITTER_AN_APY_2,AN/APY-2,0,0,0,0,0
4950,EMITTER_AN_APY_3,AN/APY-3,0,0,0,0,0
4952,EMITTER_AN_APY_7,AN/APY-7,0,0,0,1,1
4953,EMITTER_AN_APY_8,AN/APY-8,0,LYNX,0,0,0
4995,EMITTER_AN_ARN_21,AN/ARN-21,0,0,0,0,0
5040,EMITTER_AN_ARN_52,AN/ARN-52,0,0,0,0,0
5085,EMITTER_AN_ARN_84,AN/ARN-84,0,0,0,0,0
5130,EMITTER_AN_ARN_118,AN/ARN-118,0,0,0,0,0
5165,EMITTER_AN_ARN_153,AN/ARN-153,0,0,0,1,1
5175,EMITTER_AN_ARW_73,AN/ARW-73,0,0,0,0,0
5220,EMITTER_AN_ASB_1,AN/ASB-1,0,0,0,0,0
5265,EMITTER_AN_ASG_21,AN/ASG-21,0,0,0,0,0
5280,EMITTER_AN_ASQ_108,AN/ASQ-108,0,0,0,0,0
5310,EMITTER_AN_AWG_9,AN/AWG-9,0,0,0,0,0
5355,EMITTER_AN_BPS_9,AN/BPS-9,0,0,0,0,0
5400,EMITTER_AN_BPS_15,AN/BPS-15,0,0,0,0,0
5405,EMITTER_AN_BPS_16,AN/BPS-16,0,0,0,0,0
5420,EMITTER_AN_CRM_30,AN/CRM-30,0,0,0,0,0
5430,EMITTER_AN_DPW_23,AN/DPW-23,0,0,0,0,0
5445,EMITTER_AN_DSQ_26_PHOENIX_MH,AN/DSQ-26 Phoenix MH,0,0,0,0,0
5490,EMITTER_AN_DSQ_28_HARPOON_MH,AN/DSQ-28 Harpoon MH,0,0,0,0,0
5495,EMITTER_AN_FPN_40,AN/FPN-40,0,0,0,0,0
5500,EMITTER_AN_FPN_62,AN/FPN-62,0,0,0,0,0
5505,EMITTER_AN_FPS_16,AN/FPS-16,0,0,0,0,0
5507,EMITTER_AN_FPS_18,AN/FPS-18,0,0,0,0,0
5508,EMITTER_AN_FPS_89,AN/FPS-89,0,0,0,0,0
5510,EMITTER_AN_FPS_117,AN/FPS-117,0,0,0,0,0
5515,EMITTER_AN_FPS_20R,AN/FPS-20R,0,0,0,0,0
5520,EMITTER_AN_FPS_77,AN/FPS-77,0,0,0,0,0
5525,EMITTER_AN_FPS_103,AN/FPS-103,0,0,0,0,0
5527,EMITTER_AN_GPN_12,AN/GPN-12,0,0,0,0,0
5530,EMITTER_AN_GPX_6,AN/GPX-6,0,0,0,0,0
5535,EMITTER_AN_GPX_8,AN/GPX-8,0,0,0,0,0
5537,EMITTER_AN_GRN_12,AN/GRN-12,0,0,0,0,0
5540,EMITTER_AN_MPQ_10,AN/MPQ-10,0,0,0,0,0
5545,EMITTER_AN_MPQ_33_39_46_57_61_HPIR_ILL,AN/MPQ-33/39/46/57/61 (HPIR) ILL,0,0,0,0,0
5550,EMITTER_AN_MPQ_34_48_55_62_CWAR_TA,AN/MPQ-34/48/55/62 (CWAR) TA,0,0,0,0,0
5551,EMITTER_AN_MPQ_49,AN/MPQ-49,0,0,0,0,0
5555,EMITTER_AN_MPQ_35_50_PAR_TA,AN/MPQ-35/50 (PAR) TA,0,0,0,0,0
5560,EMITTER_AN_MPQ_37_51_ROR_TT,AN/MPQ-37/51 (ROR) TT,0,0,0,0,0
5570,EMITTER_AN_MPQ_53,AN/MPQ-53,0,0,0,0,0
5571,EMITTER_AN_MPQ_63,AN/MPQ-63,0,0,0,0,0
5575,EMITTER_AN_MPQ_64,AN/MPQ-64,0,0,0,0,0
5580,EMITTER_AN_SPG_34,AN/SPG-34,0,0,0,0,0
5625,EMITTER_AN_SPG_50,AN/SPG-50,0,0,0,0,0
5670,EMITTER_AN_SPG_51,AN/SPG-51,0,0,0,0,0
5715,EMITTER_AN_SPG_51_CWI_TI,AN/SPG-51 CWI TI,0,0,0,0,0
5760,EMITTER_AN_SPG_51_FC,AN/SPG-51 FC,0,0,0,0,0
5805,EMITTER_AN_SPG_52,AN/SPG-52,0,0,0,0,0
5850,EMITTER_AN_SPG_53,AN/SPG-53,0,0,0,0,0
5895,EMITTER_AN_SPG_55B,AN/SPG-55B,0,0,0,0,0
5940,EMITTER_AN_SPG_60,AN/SPG-60,0,0,0,0,0
5985,EMITTER_AN_SPG_62,AN/SPG-62,0,0,0,0,0
6030,EMITTER_AN_SPN_35,AN/SPN-35,0,0,0,0,0
6075,EMITTER_AN_SPN_43,AN/SPN-43,0,0,0,0,0
6120,EMITTER_AN_SPQ_2,AN/SPQ-2,0,0,0,0,0
6165,EMITTER_AN_SPQ_9,AN/SPQ-9,0,0,0,0,0
6210,EMITTER_AN_SPS_4,AN/SPS-4,0,0,0,0,0
6255,EMITTER_AN_SPS_5,AN/SPS-5,0,0,0,0,0
6300,EMITTER_AN_SPS_5C,AN/SPS-5C,0,0,0,0,0
6345,EMITTER_AN_SPS_6,AN/SPS-6,0,0,0,0,0
6390,EMITTER_AN_SPS_10,AN/SPS-10,0,0,0,0,0
6435,EMITTER_AN_SPS_21,AN/SPS-21,0,0,0,0,0
6480,EMITTER_AN_SPS_28,AN/SPS-28,0,0,0,0,0
6525,EMITTER_AN_SPS_37,AN/SPS-37,0,0,0,0,0
6570,EMITTER_AN_SPS_39A,AN/SPS-39A,0,0,0,0,0
6615,EMITTER_AN_SPS_40,AN/SPS-40,0,0,0,0,0
6660,EMITTER_AN_SPS_41,AN/SPS-41,0,0,0,0,0
6705,EMITTER_AN_SPS_48,AN/SPS-48,0,0,0,0,0
6750,EMITTER_AN_SPS_48C,AN/SPS-48C,0,0,0,0,0
6752,EMITTER_AN_SPS_48E,AN/SPS-48E,0,0,0,0,0
6795,EMITTER_AN_SPS_49,AN/SPS-49,0,0,0,0,0
6796,EMITTER_AN_SPS_49V1,AN/SPS-49(V)1,0,0,0,0,0
6797,EMITTER_AN_SPS_49V2,AN/SPS-49(V)2,0,0,0,0,0
6798,EMITTER_AN_SPS_49V3,AN/SPS-49(V)3,0,0,0,0,0
6799,EMITTER_AN_SPS_49V4,AN/SPS-49(V)4,0,0,0,0,0
6800,EMITTER_AN_SPS_49V5,AN/SPS-49(V)5,0,0,0,0,0
6801,EMITTER_AN_SPS_49V6,AN/SPS-49(V)6,0,0,0,0,0
6802,EMITTER_AN_SPS_49V7,AN/SPS-49(V)7,0,0,0,0,0
6803,EMITTER_AN_SPS_49V8,AN/SPS-49(V)8,0,0,0,0,0
6804,EMITTER_AN_SPS_49AV1,AN/SPS-49A(V)1,0,0,0,0,0
6840,EMITTER_AN_SPS_52,AN/SPS-52,0,0,0,0,0
6885,EMITTER_AN_SPS_53,AN/SPS-53,0,0,0,0,0
6930,EMITTER_AN_SPS_55,AN/SPS-55,0,0,0,0,0
6975,EMITTER_AN_SPS_55_SS,AN/SPS-55-SS,0,0,0,0,0
7020,EMITTER_AN_SPS_58,AN/SPS-58,0,0,0,0,0
7065,EMITTER_AN_SPS_59,AN/SPS-59,0,0,0,0,0
7110,EMITTER_AN_SPS_64,AN/SPS-64,0,0,0,0,0
7155,EMITTER_AN_SPS_65,AN/SPS-65,0,0,0,0,0
7200,EMITTER_AN_SPS_67,AN/SPS-67,0,0,0,0,0
7245,EMITTER_AN_SPY_1,AN/SPY-1,0,0,0,0,0
7250,EMITTER_AN_SPY_1A,AN/SPY-1A,0,0,0,0,0
7252,EMITTER_AN_SPY_1B,AN/SPY-1B,0,0,0,0,0
7253,EMITTER_AN_SPY_1BV,AN/SPY-1B(V),0,0,0,0,0
7260,EMITTER_AN_SPY_1D,AN/SPY-1D,0,0,0,0,0
7261,EMITTER_AN_SPY_1DV,AN/SPY-1D(V),0,0,0,0,0
7265,EMITTER_AN_SPY_1F,AN/SPY-1F,0,0,0,0,0
7270,EMITTER_AN_TPN_17,AN/TPN-17,0,0,0,0,0
7275,EMITTER_AN_TPN_24,AN/TPN-24,0,0,0,0,0
7280,EMITTER_AN_TPQ_18,AN/TPQ-18,0,0,0,0,0
7295,EMITTER_AN_TPQ_36,AN/TPQ-36,0,0,0,0,0
7300,EMITTER_AN_TPQ_37,AN/TPQ-37,0,0,0,0,0
7301,EMITTER_AN_TPQ_38_V8,AN/TPQ-38-(V8),0,0,0,0,0
7303,EMITTER_AN_TPQ_47,AN/TPQ-47,0,0,0,0,0
7305,EMITTER_AN_TPS_43,AN/TPS-43,0,0,0,0,0
7310,EMITTER_AN_TPS_43E,AN/TPS-43E,0,0,0,0,0
7315,EMITTER_AN_TPS_59,AN/TPS-59,0,0,0,0,0
7320,EMITTER_AN_TPS_63,AN/TPS-63,0,0,0,0,0
7322,EMITTER_AN_TPS_70V1,AN/TPS-70(V)1,0,0,0,0,0
7325,EMITTER_AN_TPS_75,AN/TPS-75,0,0,0,0,0
7330,EMITTER_AN_TPX_46V7,AN/TPX-46(V)7,0,0,0,0,0
7335,EMITTER_AN_ULQ_6A,AN/ULQ-6A,0,0,0,0,0
7380,EMITTER_AN_UPN_25,AN/UPN-25,0,0,0,0,0
7425,EMITTER_AN_UPS_1,AN/UPS-1,0,0,0,0,0
7426,EMITTER_AN_UPS_2,AN/UPS-2,0,0,0,0,0
7470,EMITTER_AN_UPX_1,AN/UPX-1,0,0,0,0,0
7515,EMITTER_AN_UPX_5,AN/UPX-5,0,0,0,0,0
7560,EMITTER_AN_UPX_11,AN/UPX-11,0,0,0,0,0
7605,EMITTER_AN_UPX_12,AN/UPX-12,0,0,0,0,0
7650,EMITTER_AN_UPX_17,AN/UPX-17,0,0,0,0,0
7695,EMITTER_AN_UPX_23,AN/UPX-23,0,0,0,0,0
7740,EMITTER_AN_VPS_2,AN/VPS-2,0,0,0,0,0
7785,EMITTER_APELCO_AD_7_7,0,0,Apelco AD 7 7,0,0,0
7830,EMITTER_APG_71,APG 71,0,0,0,0,0
7875,EMITTER_APN_148,APN 148,0,0,0,0,0
7920,EMITTER_APN_227,APN 227,0,0,0,0,0
8100,EMITTER_APS_504_V3,APS 504 V3,0,0,0,0,0
8105,EMITTER_AR_3D,AR 3D,0,0,0,0,0
8112,EMITTER_PLESSEY_AR_5,0,0,Plessey AR-5,0,0,0
8115,EMITTER_AR_320,AR 320,0,0,0,0,0
8120,EMITTER_AR_327,AR 327,0,0,0,0,0
8145,EMITTER_AR_M31,AR M31,0,0,0,0,0
8190,EMITTER_ARI_5954,ARI 5954,0,0,0,0,0
8235,EMITTER_ARI_5955,ARI 5955,0,0,0,0,0
8280,EMITTER_ARI_5979,ARI 5979,0,0,0,0,0
8325,EMITTER_ARINC_564_BNDX_KING_RDR_1E,0,0,ARINC 564 BNDX/KING RDR 1E,0,0,0
8370,EMITTER_ARINC_700_BNDX_KING_RDR_1E,0,0,ARINC 700 BNDX/KING RDR 1E,0,0,0
8375,EMITTER_ARK_1,ARK-1,0,0,0,0,0
8380,EMITTER_ARSR_3,ARSR-3,0,0,0,0,0
8390,EMITTER_ARSR_18,ARSR-18,0,0,0,0,0
8415,EMITTER_AS_2_KIPPER,0,AS 2 Kipper,0,0,0,0
8460,EMITTER_AS_2_KIPPER_MH,0,AS 2 Kipper MH,0,0,0,0
8505,EMITTER_AS_4_KITCHEN,0,AS 4 Kitchen,0,0,0,0
8550,EMITTER_AS_4_KITCHEN_MH,0,AS 4 Kitchen MH,0,0,0,0
8595,EMITTER_AS_5_KELT_MH,0,AS 5 Kelt MH,0,0,0,0
8640,EMITTER_AS_6_KINGFISH_MH,0,AS 6 Kingfish MH,0,0,0,0
8685,EMITTER_AS_7_KERRY,0,AS 7 Kerry,0,0,0,0
8730,EMITTER_AS_7_KERRY_MG,0,AS 7 Kerry MG,0,0,0,0
8735,EMITTER_AS_15_KENT_ALTIMETER,0,AS 15 KENT altimeter,0,0,0,0
8760,EMITTER_ASPIDE_AAM_SAM_ILL,Aspide AAM/SAM ILL,0,0,0,0,0
8772,EMITTER_ASR_4,ASR-4,0,0,0,0,0
8775,EMITTER_ASR_O,ASR O,0,0,0,0,0
8780,EMITTER_ASR_5,ASR-5,0,0,0,0,0
8782,EMITTER_ASR_7,ASR-7,0,0,0,0,0
8785,EMITTER_ASR_8,ASR-8,0,0,0,0,0
8790,EMITTER_ASR_9,ASR-9,0,0,0,0,0
8812,EMITTER_RAYTHEON_ASR_10SS,0,0,Raytheon ASR-10SS,0,0,0
8820,EMITTER_AT_2_SWATTER_MG,0,AT 2 Swatter MG,0,0,0,0
8840,EMITTER_ATCR_33,ATCR-33,0,0,0,0,0
8845,EMITTER_ATCR_33_K_M,ATCR 33 K/M,0,0,0,0,0
8865,EMITTER_ATLAS_ELEKTRONK_TRS_N,0,0,Atlas Elektronk TRS N,0,0,0
8870,EMITTER_ATLAS_9740_VTS,ATLAS-9740 VTS,0,0,0,0,0
8910,EMITTER_AVG_65,AVG 65,0,0,0,0,0
8955,EMITTER_AVH_7,AVH 7,0,0,0,0,0
9000,EMITTER_AVQ_20,AVQ 20,0,0,0,0,0
9045,EMITTER_AVQ30X,AVQ30X,0,0,0,0,0
9075,EMITTER_AVQ_50_RCA,AVQ-50 (RCA),0,0,0,0,0
9090,EMITTER_AVQ_70,AVQ 70,0,0,0,0,0
9135,EMITTER_AWS_5,AWS 5,0,0,0,0,0
9180,EMITTER_AWS_6,AWS 6,0,0,0,0,0
9200,EMITTER_B597Z,B597Z,0,0,0,0,0
9205,EMITTER_B636Z,B636Z,0,0,0,0,0
9225,EMITTER_BACK_NET_A_B,0,Back Net A B,0,0,0,0
9270,EMITTER_BACK_TRAP,0,Back Trap,0,0,0,0
9280,EMITTER_BAE_SYSTEMS_RT_1805_APN,0,0,BAE Systems RT-1805/APN,0,1,1
9310,EMITTER_BALTYK,BALTYK,0,0,0,0,0
9315,EMITTER_BALL_END,0,Ball End,0,0,0,0
9360,EMITTER_BALL_GUN,0,Ball Gun,0,0,0,0
9405,EMITTER_BAND_STAND,0,Band Stand,0,0,0,0
9450,EMITTER_BAR_LOCK,P-35/37 ('A'); P-50 ('B'),Bar Lock,0,0,0,0
9495,EMITTER_BASS_TILT,0,Bass Tilt,0,0,0,0
9540,EMITTER_BEACON,0,Beacon,0,0,0,0
9585,EMITTER_BEAN_STICKS,0,Bean Sticks,0,0,0,0
9630,EMITTER_BEE_HIND,0,Bee Hind,0,0,0,0
9640,EMITTER_BELL_CROWN_A,0,Bell Crown A,0,0,0,0
9642,EMITTER_BELL_CROWN_B,0,Bell Crown B,0,0,0,0
9645,EMITTER_BIG_BACK,0,BIG BACK,0,0,0,0
9660,EMITTER_BIG_BIRD,0,Big Bird,0,0,0,0
9675,EMITTER_BIG_BULGE,0,Big Bulge,0,0,0,0
9720,EMITTER_BIG_BULGE_A,0,Big Bulge A,0,0,0,0
9765,EMITTER_BIG_BULGE_B,0,Big Bulge B,0,0,0,0
9780,EMITTER_BIG_FRED,SNAR-10,Big Fred,0,0,0,0
9810,EMITTER_BIG_MESH,0,Big Mesh,0,0,0,0
9855,EMITTER_BIG_NET,0,Big Net,0,0,0,0
9885,EMITTER_BILL_BOARD,9S15MT,Bill Board,0,0,0,0
9900,EMITTER_BILL_FOLD,0,Bill Fold,0,0,0,0
9905,EMITTER_BLOWPIPE_MG,Blowpipe MG,0,0,0,0,0
9930,EMITTER_SEA_HARRIER_FRS_MK_1_5,Blue Fox,Sea Harrier FRS Mk 1/5,0,0,0,0
9935,EMITTER_SEA_HARRIER_F_A_MK_2,Blue Vixen,Sea Harrier F/A Mk 2,0,0,0,0
9945,EMITTER_BLUE_SILK,Blue Silk,0,0,0,0,0
9990,EMITTER_BLUE_PARROT,Blue Parrot,0,0,0,0,0
10035,EMITTER_BLUE_ORCHID,Blue Orchid,0,0,0,0,0
10080,EMITTER_BOAT_SAIL,0,Boat Sail,0,0,0,0
10125,EMITTER_BOFORS_ELECTRONIC_9LV_331,0,0,Bofors Electronic 9LV 331,0,0,0
10170,EMITTER_BOFORS_ERICSSON_SEA_GIRAFFE_50_HC,0,0,Bofors Ericsson Sea Giraffe 50 HC,0,0,0
10215,EMITTER_BOWL_MESH,0,Bowl Mesh,0,0,0,0
10260,EMITTER_BOX_BRICK,0,Box Brick,0,0,0,0
10305,EMITTER_BOX_TAIL,0,Box Tail,0,0,0,0
10350,EMITTER_BPS_11A,BPS 11A,0,0,0,0,0
10395,EMITTER_BPS_14,BPS 14,0,0,0,0,0
10440,EMITTER_BPS_15A,BPS 15A,0,0,0,0,0
10485,EMITTER_BR_15_TOKYO_KEIKI,BR-15 Tokyo KEIKI,0,0,0,0,0
10510,EMITTER_BRIDGEMASTE,0,0,BRIDGEMASTE,0,0,0
10530,EMITTER_BREAD_BIN,0,Bread Bin,0,0,0,0
10575,EMITTER_BT_271,BT 271,0,0,0,0,0
10620,EMITTER_BX_732,BX 732,0,0,0,0,0
10665,EMITTER_BUZZ_STAND,0,Buzz Stand,0,0,0,0
10710,EMITTER_C_5A_MULTI_MODE_RADAR,C 5A Multi Mode Radar,0,0,0,0,0
10755,EMITTER_CAIMAN,Caiman,0,0,0,0,0
10800,EMITTER_CAKE_STAND,0,Cake Stand,0,0,0,0
10845,EMITTER_CALYPSO_C61,Calypso C61,0,0,0,0,0
10890,EMITTER_CALYPSO_II,Calypso Ii,0,0,0,0,0
10895,EMITTER_CARDION_COASTAL,0,0,Cardion Coastal,0,0,0
10935,EMITTER_CASTOR_II,Castor Ii,0,0,0,0,0
10940,EMITTER_CASTOR_2J_TT_CROTALE_NG,Castor 2J TT (Crotale NG),0,0,0,0,0
10980,EMITTER_CAT_HOUSE,0,Cat House,0,0,0,0
10985,EMITTER_CDR_431,CDR-431,0,0,0,0,0
11000,EMITTER_CHAIR_BACK_TT,0,Chair Back TT,0,0,0,0
11010,EMITTER_CHAIR_BACK_ILL,0,Chair Back ILL,0,0,0,0
11025,EMITTER_CHEESE_BRICK,0,Cheese Brick,0,0,0,0
11070,EMITTER_CLAM_PIPE,Clam Pipe,0,0,0,0,0
11115,EMITTER_CLAMSHELL,0,Clamshell,0,0,0,0
11160,EMITTER_COLLINS_WXR_700X,0,0,Collins WXR-700X,0,0,0
11205,EMITTER_COLLINS_DN_101,0,0,Collins DN 101,0,0,0
11250,EMITTER_CONTRAVES_SEA_HUNTER_MK_4,0,0,Contraves Sea Hunter MK 4,0,0,0
11260,EMITTER_CORN_CAN,0,Corn Can,0,0,0,0
11270,EMITTER_CR_105_RMCA,CR-105 RMCA,0,0,0,0,0
11295,EMITTER_CROSS_BIRD,0,Cross Bird,0,0,0,0
11340,EMITTER_CROSS_DOME,0,Cross Dome,0,0,0,0
11385,EMITTER_CROSS_LEGS,0,Cross Legs,0,0,0,0
11430,EMITTER_CROSS_OUT,0,Cross Out,0,0,0,0
11475,EMITTER_CROSS_SLOT,0,Cross Slot,0,0,0,0
11520,EMITTER_CROSS_SWORD,0,Cross Sword,0,0,0,0
11565,EMITTER_CROSS_UP,0,Cross Up,0,0,0,0
11610,EMITTER_CROSS_SWORD_FC,0,Cross Sword FC,0,0,0,0
11655,EMITTER_CROTALE_ACQUISITION_TA,Crotale Acquisition TA,0,THD-5000,0,0,0
11660,EMITTER_CROTALE_NG_TA,Crotale NG TA,0,Griffon,0,0,0
11665,EMITTER_CROTALE_TT,Crotale TT,0,0,0,0,0
11700,EMITTER_CROTALE_MGMISSILE_SYSTEM,Crotale MGMissile System,0,0,0,0,0
11745,EMITTER_CSS_C_3C_CAS_1M1_M2_MH,CSS C 3C CAS 1M1 M2 MH,0,0,0,0,0
11790,EMITTER_CSS_C_2B_HY_1A_MH,CSS C 2B HY 1A MH,0,0,0,0,0
11835,EMITTER_CWS_2,CWS 2,0,0,0,0,0
11880,EMITTER_CYLINDER_HEAD,0,Cylinder Head,0,0,0,0
11925,EMITTER_CYRANO_II,Cyrano II,0,0,0,0,0
11970,EMITTER_CYRANO_IV,Cyrano IV,0,0,0,0,0
11975,EMITTER_CYRANO_IV_M,Cyrano IV-M,0,0,0,0,0
12010,EMITTER_DA_01_00,DA-01/00,0,0,0,0,0
12015,EMITTER_DA_05_00,DA 05 00,0,0,0,0,0
12060,EMITTER_DAWN,0,Dawn,0,0,0,0
12105,EMITTER_DEAD_DUCK,0,Dead Duck,0,0,0,0
12110,EMITTER_DECCA_20_V90_9,0,0,DECCA-20 V90/9,0,0,0
12111,EMITTER_DECCA_20_V90S,0,0,DECCA-20 V90S,0,0,0
12150,EMITTER_DECCA_45,0,0,DECCA 45,0,0,0
12195,EMITTER_DECCA_50,0,0,DECCA 50,0,0,0
12240,EMITTER_DECCA_110,0,0,DECCA 110,0,0,0
12285,EMITTER_DECCA_170,0,0,DECCA 170,0,0,0
12292,EMITTER_DECCA_HF_2,0,0,DECCA HF 2,0,0,0
12330,EMITTER_DECCA_202,0,0,DECCA 202,0,0,0
12375,EMITTER_DECCA_D202,0,0,DECCA D202,0,0,0
12420,EMITTER_DECCA_303,0,0,DECCA 303,0,0,0
12430,EMITTER_DECCA_535,0,0,DECCA 535,0,0,0
12465,EMITTER_DECCA_626,0,0,DECCA 626,0,0,0
12510,EMITTER_DECCA_629,0,0,DECCA 629,0,0,0
12555,EMITTER_DECCA_914,0,0,DECCA 914,0,0,0
12600,EMITTER_DECCA_916,0,0,DECCA 916,0,0,0
12610,EMITTER_DECCA_926,0,0,DECCA 926,0,0,0
12645,EMITTER_DECCA_1226_COMMERCIAL,0,0,DECCA 1226 Commercial,0,0,0
12690,EMITTER_DECCA_1626,0,0,DECCA 1626,0,0,0
12735,EMITTER_DECCA_2459,0,0,DECCA 2459,0,0,0
12780,EMITTER_DECCA_AWS_1,0,0,DECCA AWS 1,0,0,0
12782,EMITTER_DECCA_AWS_2,0,0,DECCA AWS 2,0,0,0
12785,EMITTER_DECCA_AWS_4,0,0,DECCA AWS 4,0,0,0
12787,EMITTER_DECCA_AWS_4_2,0,0,DECCA AWS-4 (2),0,0,0
12800,EMITTER_DECCA_MAR,0,0,DECCA MAR,0,0,0
12805,EMITTER_DECCA_RM_326,0,0,DECCA RM 326,0,0,0
12825,EMITTER_DECCA_RM_416,0,0,DECCA RM 416,0,0,0
12870,EMITTER_DECCA_RM_914,0,0,DECCA RM 914,0,0,0
12915,EMITTER_DECCA_RM_1690,0,0,DECCA RM 1690,0,0,0
12960,EMITTER_DECCA_SUPER_101_MK_3,0,0,DECCA Super 101 MK 3,0,0,0
13005,EMITTER_DISS_1,DISS 1,0,0,0,0,0
13050,EMITTER_RAPIER_TTDN_181,Rapier TTDN 181,0,DN 181,0,0,0
13055,EMITTER_RAPIER_2000_TT,Rapier 2000 TT,0,BLINDFIRE FSC TT,0,0,0
13095,EMITTER_DOG_EAR,0,Dog Ear,0,0,0,0
13140,EMITTER_DOG_HOUSE,0,Dog House,0,0,0,0
13185,EMITTER_DON_2,Don 2,0,0,0,0,0
13230,EMITTER_DON_A_B_2_KAY,0,Don A/B/2/Kay,0,0,0,0
13275,EMITTER_DONETS,0,Donets,0,0,0,0
13320,EMITTER_DOWN_BEAT,0,Down Beat,0,0,0,0
13365,EMITTER_DRAA_2A,DRAA 2A,0,0,0,0,0
13410,EMITTER_DRAA_2B,DRAA 2B,0,0,0,0,0
13455,EMITTER_DRAC_39,DRAC 39,0,0,0,0,0
13500,EMITTER_DRBC_30B,DRBC 30B,0,0,0,0,0
13545,EMITTER_DRBC_31A,DRBC 31A,0,0,0,0,0
13590,EMITTER_DRBC_32A,DRBC 32A,0,0,0,0,0
13635,EMITTER_DRBC_32D,DRBC 32D,0,0,0,0,0
13680,EMITTER_DRBC_33A,DRBC 33A,0,0,0,0,0
13725,EMITTER_DRBI_10,DRBI 10,0,0,0,0,0
13770,EMITTER_DRBI_23,DRBI 23,0,0,0,0,0
13815,EMITTER_DRBJ_11B,DRBJ 11B,0,0,0,0,0
13860,EMITTER_DRBN_30,DRBN 30,0,0,0,0,0
13905,EMITTER_DRBN_32,DRBN 32,0,0,0,0,0
13950,EMITTER_DRBR_51,DRBR 51,0,0,0,0,0
13995,EMITTER_DRBV_20B,DRBV 20B,0,0,0,0,0
14040,EMITTER_DRBV_22,DRBV 22,0,0,0,0,0
14085,EMITTER_DRBV_26C,DRBV 26C,0,0,0,0,0
14130,EMITTER_DRBV_30,DRBV 30,0,0,0,0,0
14175,EMITTER_DRBV_50,DRBV 50,0,0,0,0,0
14220,EMITTER_DRBV_51,DRBV 51,0,0,0,0,0
14265,EMITTER_DRBV_51A,DRBV 51A,0,0,0,0,0
14310,EMITTER_DRBV_51B,DRBV 51B,0,0,0,0,0
14355,EMITTER_DRBV_51C,DRBV 51C,0,0,0,0,0
14400,EMITTER_DROP_KICK,Drop Kick,0,0,0,0,0
14445,EMITTER_DRUA_31,DRUA 31,0,0,0,0,0
14490,EMITTER_DRUM_TILT,0,Drum Tilt,0,0,0,0
14535,EMITTER_DRUM_TILT_A,0,Drum Tilt A,0,0,0,0
14545,EMITTER_DRUM_TILT_B,0,Drum Tilt B,0,0,0,0
14580,EMITTER_DUMBO,0,Dumbo,0,0,0,0
14600,EMITTER_ECR_90,ECR-90,0,0,0,0,0
14625,EMITTER_EGG_CUP_A_B,0,Egg Cup A/B,0,0,0,0
14670,EMITTER_EKCO_190,EKCO 190,0,0,0,0,0
14715,EMITTER_EL_M_2001B,EL M 2001B,0,0,0,0,0
14760,EMITTER_EL_M_2207,EL M 2207,0,0,0,0,0
14770,EMITTER_EL_M_2216V,0,EL/M 2216(V),0,0,0,0
14805,EMITTER_ELTA_EL_M_2221_GM_STGR,ELTA EL/M 2221 GM STGR,0,0,0,0,0
14810,EMITTER_ELTA_SIS,ELTA SIS,0,0,0,0,0
14850,EMITTER_EMD_2900,EMD 2900,0,0,0,0,0
14895,EMITTER_END_TRAY,0,End Tray,0,0,0,0
14940,EMITTER_EXOCET_1,Exocet 1,0,0,0,0,0
14985,EMITTER_EXOCET_1_MH,Exocet 1 MH,0,0,0,0,0
15030,EMITTER_EXOCET_2,Exocet 2,0,0,0,0,0
15075,EMITTER_EYE_BOWL,0,Eye Bowl,0,0,0,0
15120,EMITTER_EYE_SHIELD,0,Eye Shield,0,0,0,0
15140,EMITTER_F332Z,0,F332Z,0,0,0,0
15160,EMITTER_FALCON,FALCON,0,0,0,0,0
15165,EMITTER_FAN_SONG_A,0,Fan Song A,0,0,0,0
15200,EMITTER_FAN_SONG_B_F_TA,0,Fan Song B/F TA,0,0,0,0
15210,EMITTER_FAN_SONG_B_F_TT,0,Fan Song B/F TT,0,0,0,0
15220,EMITTER_FAN_SONG_C_E_TA,0,Fan Song C/E TA,0,0,0,0
15230,EMITTER_FAN_SONG_C_E_TT,0,Fan Song C/E TT,0,0,0,0
15240,EMITTER_FAN_SONG_C_E_MG,0,Fan Song C/E MG,0,0,0,0
15255,EMITTER_FAN_SONG_B_FF_MG,0,Fan Song B/FF MG,0,0,0,0
15300,EMITTER_FAN_TAIL,0,Fan Tail,0,0,0,0
15310,EMITTER_FCR_1401,FCR-1401,0,0,0,0,0
15345,EMITTER_FIN_CURVE,0,Fin Curve,0,0,0,0
15390,EMITTER_FIRE_CAN,0,Fire Can,0,0,0,0
15435,EMITTER_FIRE_DISH,0,Fire Dish,0,0,0,0
15470,EMITTER_FIRE_DOME_TA,0,Fire Dome TA,0,0,0,0
15475,EMITTER_FIRE_DOME_TT,0,Fire Dome TT,0,0,0,0
15480,EMITTER_FIRE_DOME_TI,0,Fire Dome TI,0,0,0,0
15525,EMITTER_FIRE_IRON,0,Fire Iron,0,0,0,0
15570,EMITTER_FIRE_WHEEL,0,Fire Wheel,0,0,0,0
15615,EMITTER_FISH_BOWL,0,Fish Bowl,0,0,0,0
15660,EMITTER_FLAP_LID,0,Flap Lid,0,0,0,0
15705,EMITTER_FLAP_TRUCK,0,Flap Truck,0,0,0,0
15750,EMITTER_FLAP_WHEEL,0,Flap Wheel,0,0,0,0
15795,EMITTER_FLASH_DANCE,0,Flash Dance,0,0,0,0
15840,EMITTER_FLAT_FACE_A_B_C_D,P-15,Flat Face A B C D,0,0,0,0
15885,EMITTER_FLAT_SCREEN,0,Flat Screen,0,0,0,0
15930,EMITTER_FLAT_SPIN,0,Flat Spin,0,0,0,0
15975,EMITTER_FLAT_TWIN,0,Flat Twin,0,0,0,0
16020,EMITTER_FLEDERMAUS,Fledermaus,0,0,0,0,0
16030,EMITTER_FLYCATCHER,0,FLYCATCHER,0,0,0,0
16065,EMITTER_FLY_SCREEN,0,Fly Screen,0,0,0,0
16110,EMITTER_FLY_SCREEN_A_AND_B,0,Fly Screen A and B,0,0,0,0
16155,EMITTER_FLY_TRAP_B,0,Fly Trap B,0,0,0,0
16200,EMITTER_FOG_LAMP_MG,0,Fog Lamp MG,0,0,0,0
16245,EMITTER_FOG_LAMP_TT,0,Fog Lamp TT,0,0,0,0
16290,EMITTER_FOIL_TWO,0,Foil Two,0,0,0,0
16335,EMITTER_FOX_HUNTER,Fox Hunter,0,0,0,0,0
16380,EMITTER_FOX_FIRE_AL,0,Fox Fire AL,0,0,0,0
16390,EMITTER_FOX_FIRE_ILL,0,Fox Fire ILL,0,0,0,0
16400,EMITTER_FR_151A,FR-151A,0,0,0,0,0
16410,EMITTER_FR_1505_DA,FR-1505 DA,0,0,0,0,0
16420,EMITTER_FR_2000,FR-2000,0,0,0,0,0
16421,EMITTER_FR_2855W,FR-2855W,0,0,0,0,0
16425,EMITTER_FRONT_DOME,0,Front Dome,0,0,0,0
16470,EMITTER_FRONT_DOOR,0,Front Door,0,0,0,0
16515,EMITTER_FRONT_PIECE,0,Front Piece,0,0,0,0
16560,EMITTER_FURUNO,Furuno,0,0,0,0,0
16561,EMITTER_FURUNO_1721,Furuno 1721,0,0,0,0,0
16580,EMITTER_FURUNO_1730,Furuno 1730,0,0,0,1,1
16590,EMITTER_FURUNO_1932,Furuno 1932,0,0,0,1,1
16605,EMITTER_FURUNO_701,Furuno 701,0,0,0,0,0
16650,EMITTER_FURUNO_711_2,Furuno 711 2,0,0,0,0,0
16695,EMITTER_FURUNO_2400,Furuno 2400,0,0,0,0,0
16730,EMITTER_FURUNO_8051,Furuno 8051,0,0,0,1,1
16740,EMITTER_GA_01_00,GA 01 00,0,0,0,0,0
16785,EMITTER_GAGE,0,Gage,0,0,0,0
16830,EMITTER_GARPIN,0,Garpin,0,0,0,0
16875,EMITTER_GEM_BX_132,GEM BX 132,0,0,0,0,0
16880,EMITTER_GEPARD_TA,MPDR-12,Gepard TA,0,0,0,0
16884,EMITTER_GEPARD_TT,0,Gepard TT,0,0,0,0
16888,EMITTER_GERAN_F,GERAN-F,0,0,0,0,0
16900,EMITTER_GIRAFFE,GIRAFFE,0,0,0,0,0
16915,EMITTER_GIN_SLING_TA,0,Gin Sling TA,0,0,0,0
16920,EMITTER_GIN_SLING_TT,Gin Sling,Gin Sling TT,0,0,0,0
16925,EMITTER_GIN_SLING_MG,0,Gin Sling MG,0,0,0,0
16945,EMITTER_GPN_22,GPN-22,0,0,0,0,0
16950,EMITTER_GRN_9,GRN-9,0,0,0,0,0
16965,EMITTER_GREEN_STAIN,Green Stain,0,0,0,0,0
17010,EMITTER_GRID_BOW,0,Grid Bow,0,0,0,0
17025,EMITTER_GRILL_PAN_TT,9S32,Grill Pan TT,0,0,0,0
17055,EMITTER_GUARDSMAN,Guardsman,0,0,0,0,0
17070,EMITTER_GUN_DISH_ZSU_23_4,RPK-2,Gun Dish (ZSU-23/4),0,0,0,0
17100,EMITTER_HAIR_NET,0,Hair Net,0,0,0,0
17145,EMITTER_HALF_PLATE_A,0,Half Plate A,0,0,0,0
17190,EMITTER_HALF_PLATE_B,0,Half Plate B,0,0,0,0
17220,EMITTER_HARD,HARD,0,0,0,0,0
17235,EMITTER_HAWK_SCREECH,0,Hawk Screech,0,0,0,0
17280,EMITTER_HEAD_LIGHT_A,0,Head Light A,0,0,0,0
17325,EMITTER_HEAD_LIGHTS,0,Head Lights,0,0,0,0
17370,EMITTER_HEAD_LIGHTS_C,0,Head Lights C,0,0,0,0
17415,EMITTER_HEAD_LIGHTS_MG_A,0,Head Lights MG A,0,0,0,0
17460,EMITTER_HEAD_LIGHTS_MG_B,0,Head Lights MG B,0,0,0,0
17505,EMITTER_HEAD_LIGHTS_TT,0,Head Lights TT,0,0,0,0
17550,EMITTER_HEAD_NET,0,Head Net,0,0,0,0
17595,EMITTER_HEN_EGG,0,Hen Egg,0,0,0,0
17640,EMITTER_HEN_HOUSE,0,Hen House,0,0,0,0
17685,EMITTER_HEN_NEST,0,Hen Nest,0,0,0,0
17730,EMITTER_HEN_ROOST,0,Hen Roost,0,0,0,0
17775,EMITTER_HIGH_BRICK,0,High Brick,0,0,0,0
17820,EMITTER_HIGH_FIX,0,High Fix,0,0,0,0
17865,EMITTER_HIGH_LARK_TI,0,High Lark TI,0,0,0,0
17910,EMITTER_HIGH_LARK_1,0,High Lark 1,0,0,0,0
17955,EMITTER_HIGH_LARK_2,0,High Lark 2,0,0,0,0
18000,EMITTER_HIGH_LARK_4,0,High Lark 4,0,0,0,0
18045,EMITTER_HIGH_LUNE,0,High Lune,0,0,0,0
18090,EMITTER_HIGH_POLE_A_AND_B,0,High Pole A and B,0,0,0,0
18135,EMITTER_HIGH_SCOOP,0,High Scoop,0,0,0,0
18150,EMITTER_HIGH_SCREEN,9S19MT,High Screen,0,0,0,0
18180,EMITTER_HIGH_SIEVE,0,High Sieve,0,0,0,0
18200,EMITTER_HN_503,HN-503,0,0,0,0,0
18225,EMITTER_HOME_TALK,0,Home Talk,0,0,0,0
18270,EMITTER_HORN_SPOON,0,Horn Spoon,0,0,0,0
18280,EMITTER_HOT_BRICK,0,Hot Brick,0,0,0,0
18315,EMITTER_HOT_FLASH,0,Hot Flash,0,0,0,0
18320,EMITTER_HOT_SHOT_TA,IRL144M,Hot Shot TA,0,0,0,0
18325,EMITTER_HOT_SHOT_TT,IRL144M,Hot Shot TT,0,0,0,0
18330,EMITTER_HOT_SHOT_MG,IRL144M,Hot Shot MG,0,0,0,0
18360,EMITTER_IFF_MK_XII_AIMS_UPX_29,IFF MK XII AIMS UPX 29,0,0,0,0,0
18405,EMITTER_IFF_MK_XV,IFF MK XV,0,0,0,0,0
18410,EMITTER_JAVELIN_MG,Javelin MG,0,0,0,0,0
18450,EMITTER_JAY_BIRD,0,Jay Bird,0,0,0,0
18460,EMITTER_JRC_NMD_401,JRC-NMD-401,0,0,0,0,0
18495,EMITTER_JUPITER,Jupiter,0,0,0,0,0
18540,EMITTER_JUPITER_II,Jupiter II,0,0,0,0,0
18550,EMITTER_JY_8,JY-8,0,0,0,0,0
18555,EMITTER_JY_9,JY-9,0,0,0,0,0
18560,EMITTER_JY_14,JY-14,0,0,0,0,0
18585,EMITTER_K376Z,0,K376Z,0,0,0,0
18630,EMITTER_KELVIN_HUGHES_2A,0,0,Kelvin Hughes 2A,0,0,0
18675,EMITTER_KELVIN_HUGHES_14_9,0,0,Kelvin Hughes 14/9,0,0,0
18720,EMITTER_KELVIN_HUGHES_TYPE_1006,0,0,Kelvin Hughes type 1006,0,0,0
18765,EMITTER_KELVIN_HUGHES_TYPE_1007,0,0,Kelvin Hughes type 1007,0,0,0
18785,EMITTER_KH_902M,KH-902M,0,0,0,0,0
18810,EMITTER_KITE_SCREECH,0,Kite Screech,0,0,0,0
18855,EMITTER_KITE_SCREECH_A,0,Kite Screech A,0,0,0,0
18900,EMITTER_KITE_SCREECH_B,0,Kite Screech B,0,0,0,0
18945,EMITTER_KIVACH,0,Kivach,0,0,0,0
18990,EMITTER_KNIFE_REST,0,Knife Rest,0,0,0,0
19035,EMITTER_KNIFE_REST_B,P-10,Knife Rest B,0,0,0,0
19037,EMITTER_KNIFE_REST_C,0,KNIFE REST C,0,0,0,0
19050,EMITTER_KR_75,KR-75,0,0,0,0,0
19080,EMITTER_KSA_SRN,KSA SRN,0,0,0,0,0
19125,EMITTER_KSA_TSR,KSA TSR,0,0,0,0,0
19170,EMITTER_LAND_FALL,0,Land Fall,0,0,0,0
19215,EMITTER_LAND_ROLL_MG,0,Land Roll MG,0,0,0,0
19260,EMITTER_LAND_ROLL_TA,0,Land Roll TA,0,0,0,0
19305,EMITTER_LAND_ROLL_TT,0,Land Roll TT,0,0,0,0
19310,EMITTER_LC_150,LC-150,0,0,0,0,0
19350,EMITTER_LENINGRAF,0,Leningraf,0,0,0,0
19395,EMITTER_LIGHT_BULB,0,Light Bulb,0,0,0,0
19400,EMITTER_LMT_NRAI_6A,LMT NRAI-6A,0,0,0,0,0
19440,EMITTER_LN_55,LN 55,0,0,0,0,0
19485,EMITTER_LN_66,0,Ln 66,0,0,0,0
19530,EMITTER_LONG_BOW,0,Long Bow,0,0,0,0
19575,EMITTER_LONG_BRICK,0,Long Brick,0,0,0,0
19620,EMITTER_LONG_BULL,0,Long Bull,0,0,0,0
19665,EMITTER_LONG_EYE,0,Long Eye,0,0,0,0
19710,EMITTER_LONG_HEAD,0,Long Head,0,0,0,0
19755,EMITTER_LONG_TALK,0,Long Talk,0,0,0,0
19800,EMITTER_LONG_TRACK,0,Long Track,0,0,0,0
19845,EMITTER_LONG_TROUGH,0,Long Trough,0,0,0,0
19890,EMITTER_LOOK_TWO,0,Look Two,0,0,0,0
19935,EMITTER_LORAN,LORAN,0,0,0,0,0
19950,EMITTER_LOW_BLOW_TA,0,Low Blow TA,0,0,0,0
19955,EMITTER_LOW_BLOW_TT,0,Low Blow TT,0,0,0,0
19960,EMITTER_LOW_BLOW_MG,0,Low Blow MG,0,0,0,0
19980,EMITTER_LOW_SIEVE,0,Low Sieve,0,0,0,0
20025,EMITTER_LOW_TROUGH,0,Low Trough,0,0,0,0
20040,EMITTER_TRS_2050,TRS-2050,0,LP-23,0,0,0
20070,EMITTER_LW_08,LW 08,0,0,0,0,0
20090,EMITTER_M_1983_FCR,0,M-1983 FCR,0,0,0,0
20115,EMITTER_M22_40,M22-40,0,0,0,0,0
20160,EMITTER_M44,M44,0,0,0,0,0
20205,EMITTER_M401Z,0,M401Z,0,0,0,0
20250,EMITTER_M585Z,0,M585Z,0,0,0,0
20295,EMITTER_M588Z,0,M588Z,0,0,0,0
20340,EMITTER_MA_1_IFF_PORTION,MA 1 IFF Portion,0,0,0,0,0
20360,EMITTER_MARELD,0,MARELD,0,0,0,0
20385,EMITTER_MA_TYPE_909#,0,0,MA Type 909#,0,0,0
20430,EMITTER_MARCONI_1810,0,0,Marconi 1810,0,0,0
20475,EMITTER_MARCONI_CANADA_HC_75,0,0,Marconi Canada HC 75,0,0,0
20495,EMITTER_MARCONI_S_713,0,0,Marconi S 713,0,0,0
20520,EMITTER_MARCONI_S_1802,0,0,Marconi S 1802,0,0,0
20530,EMITTER_MARCONI_S247S_247,0,0,Marconi S247S 247,0,0,0
20565,EMITTER_MARCONI_S_810,0,0,Marconi S 810,0,0,0
20585,EMITTER_MARCONI_SA_10,0,0,Marconi SA 10,0,0,0
20610,EMITTER_MARCONI_TYPE_967,0,0,Marconi type 967,0,0,0
20655,EMITTER_MARCONI_TYPE_968,0,0,Marconi type 968,0,0,0
20700,EMITTER_MARCONI_TYPE_992,0,0,Marconi type 992,0,0,0
20745,EMITTER_MARCONI_SIGNAAL_TYPE_1022,0,0,Marconi/signaal type 1022,0,0,0
20790,EMITTER_MARCONI_SIGNAAL_TYPE_910,0,0,Marconi/signaal type 910,0,0,0
20835,EMITTER_MARCONI_SIGNAAL_TYPE_911,0,0,Marconi/signaal type 911,0,0,0
20880,EMITTER_MARCONI_SIGNAAL_TYPE_992R,0,0,Marconi/signaal type 992R,0,0,0
20925,EMITTER_MESH_BRICK,0,Mesh Brick,0,0,0,0
20950,EMITTER_MIRAGE_ILL,Mirage ILL,0,0,0,0,0
20970,EMITTER_MK_15_CIWS,0,0,MK 15 CIWS,0,0,0
21015,EMITTER_MK_23,MK-23,0,0,0,0,0
21060,EMITTER_MK_23_TAS,MK 23 TAS,0,0,0,0,0
21105,EMITTER_MK_25,MK 25,0,0,0,0,0
21150,EMITTER_MK_35_M2,MK-35 M2,0,0,0,0,0
21195,EMITTER_MK_92,MK 92,0,0,0,0,0
21240,EMITTER_MK_92_CAS,MK-92 CAS,0,0,0,0,0
21285,EMITTER_MK_92_STIR,MK-92 STIR,0,0,0,0,0
21330,EMITTER_MK_95,MK 95,0,0,0,0,0
21340,EMITTER_MLA_1,MLA-1,0,0,0,0,0
21375,EMITTER_MM_APS_705,MM APS 705,0,0,0,0,0
21420,EMITTER_MM_SPG_74,MM SPG 74,0,0,0,0,0
21465,EMITTER_MM_SPG_75,MM SPG 75,0,0,0,0,0
21490,EMITTER_MM_SPN_703,MM SPN 703,0,0,0,0,0
21510,EMITTER_MM_SPS_702,MM SPS 702,0,0,0,0,0
21555,EMITTER_MM_SPS_768,MM SPS 768,0,0,0,0,0
21600,EMITTER_MM_SPS_774,MM SPS 774,0,0,0,0,0
21645,EMITTER_MOON_4,Moon 4,0,0,0,0,0
21650,EMITTER_MMRS,0,MMRS,0,0,0,0
21690,EMITTER_MPDR_18_X,MPDR 18 X,0,0,0,0,0
21710,EMITTER_MT_305X,MT-305X,0,0,0,0,0
21735,EMITTER_MUFF_COB,0,Muff Cob,0,0,0,0
21780,EMITTER_MUSHROOM,Mushroom,0,0,0,0,0
21825,EMITTER_MUSHROOM_1,Mushroom 1,0,0,0,0,0
21870,EMITTER_MUSHROOM_2,Mushroom 2,0,0,0,0,0
21880,EMITTER_N920Z,N920Z,0,0,0,0,0
21890,EMITTER_NANJING_B,0,Nanjing B,0,0,0,0
21895,EMITTER_NANJING_C,0,Nanjing C,0,0,0,0
21915,EMITTER_NAYADA,Nayada,0,0,0,0,0
21960,EMITTER_NEPTUN,Neptun,0,0,0,0,0
21980,EMITTER_NIKE_TT,0,NIKE TT,0,0,0,0
22005,EMITTER_NRBA_50,NRBA 50,0,0,0,0,0
22050,EMITTER_NRBA_51,NRBA 51,0,0,0,0,0
22095,EMITTER_NRBF_20A,NRBF 20A,0,0,0,0,0
22140,EMITTER_NYSA_B,0,Nysa B,0,0,0,0
22185,EMITTER_O524A,0,O524A,0,0,0,0
22230,EMITTER_O580B,0,O580B,0,0,0,0
22275,EMITTER_O625Z,0,O625Z,0,0,0,0
22320,EMITTER_O626Z,0,O626Z,0,0,0,0
22345,EMITTER_ODD_GROUP,0,Odd Group,0,0,0,0
22365,EMITTER_ODD_LOT,0,Odd Lot,0,0,0,0
22410,EMITTER_ODD_PAIR,0,Odd Pair,0,0,0,0
22455,EMITTER_OKA,0,Oka,0,0,0,0
22500,EMITTER_OKEAN,OKEAN,0,0,0,0,0
22545,EMITTER_OKINXE_12C,OKINXE 12C,0,0,0,0,0
22590,EMITTER_OMEGA,OMEGA,0,0,0,0,0
22635,EMITTER_OMERA_ORB32,Omera ORB32,0,0,0,0,0
22680,EMITTER_ONE_EYE,0,One Eye,0,0,0,0
22690,EMITTER_OP_28,OP-28,0,0,0,0,0
22725,EMITTER_OPS_16B,OPS-16B,0,0,0,0,0
22730,EMITTER_OPS_18,OPS-18,0,0,0,0,0
22740,EMITTER_OPS_28,OPS-28,0,0,0,0,0
22770,EMITTER_OR_2,0,OR-2,0,0,0,0
22810,EMITTER_ORB_31S,ORB-31S,0,0,0,0,0
22815,EMITTER_ORB_32,ORB 32,0,0,0,0,0
22860,EMITTER_ORION_RTN_10X,Orion Rtn 10X,0,0,0,0,0
22905,EMITTER_OTOMAT_MK_II_TESEO,Otomat MK II Teseo,0,0,0,0,0
22950,EMITTER_OWL_SCREECH,0,Owl Screech,0,0,0,0
22955,EMITTER_P360Z,P360Z,0,0,0,0,0
22960,EMITTER_PA_1660,PA-1660,0,0,0,0,0
22995,EMITTER_PALM_FROND,0,Palm Frond,0,0,0,0
23040,EMITTER_PALM_FROND_AB,0,Palm Frond AB,0,0,0,0
23085,EMITTER_PAT_HAND_TT,0,Pat Hand TT,0,0,0,0
23095,EMITTER_PAT_HAND_MG,0,Pat Hand MG,0,0,0,0
23130,EMITTER_PATTY_CAKE,0,Patty Cake,0,0,0,0
23175,EMITTER_PAWN_CAKE,0,Pawn Cake,0,0,0,0
23220,EMITTER_PBR_4_RUBIN,PBR 4 Rubin,0,0,0,0,0
23265,EMITTER_PEA_STICKS,0,Pea Sticks,0,0,0,0
23310,EMITTER_PEEL_CONE,0,Peel Cone,0,0,0,0
23355,EMITTER_PEEL_GROUP,0,Peel Group,0,0,0,0
23400,EMITTER_PEEL_GROUP_A,0,Peel Group A,0,0,0,0
23445,EMITTER_PEEL_GROUP_B,0,Peel Group B,0,0,0,0
23490,EMITTER_PEEL_PAIR,0,Peel Pair,0,0,0,0
23535,EMITTER_PHILIPS_9LV_200,0,0,Philips 9LV 200,0,0,0
23580,EMITTER_PHILIPS_9LV_331,0,0,Philips 9LV 331,0,0,0
23625,EMITTER_PHILIPS_LV_223,0,0,Philips LV 223,0,0,0
23670,EMITTER_PHILIPS_SEA_GIRAFFE_50_HC,0,0,Philips Sea Giraffe 50 HC,0,0,0
23690,EMITTER_PIN_JIB,0,Pin Jib,0,0,0,0
23710,EMITTER_PLANK_SHAD,0,Plank Shad,0,0,0,0
23715,EMITTER_PLANK_SHAVE,0,Plank Shave,0,0,0,0
23760,EMITTER_PLANK_SHAVE_A,0,Plank Shave A,0,0,0,0
23805,EMITTER_PLANK_SHAVE_B,0,Plank Shave B,0,0,0,0
23850,EMITTER_PLATE_STEER,0,Plate Steer,0,0,0,0
23895,EMITTER_PLESSEY_AWS_1,0,0,Plessey AWS 1,0,0,0
23940,EMITTER_PLESSEY_AWS_4,0,0,Plessey AWS 4,0,0,0
23985,EMITTER_PLESSEY_AWS_6,0,0,Plessey AWS 6,0,0,0
23990,EMITTER_PLESSEY_RJ,0,0,Plessey RJ,0,0,0
24030,EMITTER_PLESSEY_TYPE_996,0,0,Plessey type 996,0,0,0
24075,EMITTER_PLINTH_NET,0,Plinth Net,0,0,0,0
24095,EMITTER_PLUTO,0,Pluto,0,0,0,0
24100,EMITTER_POHJANPALO,POHJANPALO,0,0,0,0,0
24120,EMITTER_POLLUX,POLLUX,0,0,0,0,0
24165,EMITTER_POP_GROUP,0,Pop Group,0,0,0,0
24210,EMITTER_POP_GROUP_MG,0,Pop Group MG,0,0,0,0
24255,EMITTER_POP_GROUP_TA,0,Pop Group TA,0,0,0,0
24300,EMITTER_POP_GROUP_TT,0,Pop Group TT,0,0,0,0
24345,EMITTER_PORK_TROUGH,0,Pork Trough,0,0,0,0
24390,EMITTER_POST_BOW,0,Post Bow,0,0,0,0
24435,EMITTER_POST_LAMP,0,Post Lamp,0,0,0,0
24480,EMITTER_POT_DRUM,0,Pot Drum,0,0,0,0
24525,EMITTER_POT_HEAD,0,Pot Head,0,0,0,0
24570,EMITTER_PRIMUS_40_WXD,PRIMUS 40 WXD,0,0,0,0,0
24615,EMITTER_PRIMUS_300SL,PRIMUS 300SL,0,0,0,0,0
24620,EMITTER_PRIMUS_3000,0,0,Primus 3000,0,0,0
24650,EMITTER_PS_05A,PS-05A,0,0,0,0,0
24660,EMITTER_PS_46_A,PS 46 A,0,0,0,0,0
24705,EMITTER_PS_70_R,PS 70 R,0,0,0,0,0
24710,EMITTER_PS_890,PS-890,0,0,0,0,0
24750,EMITTER_PUFF_BALL,0,Puff Ball,0,0,0,0
24770,EMITTER_R_76,R-76,0,0,0,0,0
24780,EMITTER_RAC_30,0,0,RAC-30,0,0,0
24795,EMITTER_RACAL_1229,0,0,Racal 1229,0,0,0
24840,EMITTER_RACAL_AC_2690_BT,0,0,Racal AC 2690 BT,0,0,0
24885,EMITTER_RACAL_DECCA_1216,0,0,Racal Decca 1216,0,0,0
24930,EMITTER_RACAL_DECCA_360,0,0,Racal Decca 360,0,0,0
24975,EMITTER_RACAL_DECCA_AC_1290,0,0,Racal Decca AC 1290,0,0,0
25020,EMITTER_RACAL_DECCA_TM_1229,0,0,Racal Decca TM 1229,0,0,0
25065,EMITTER_RACAL_DECCA_TM_1626,0,0,Racal Decca TM 1626,0,0,0
25110,EMITTER_RACAL_DRBN_34A,0,0,Racal DRBN 34A,0,0,0
25155,EMITTER_RADAR_24,0,0,Radar 24,0,0,0
25200,EMITTER_RAN_7S,RAN 7S,0,0,0,0,0
25205,EMITTER_RAN_10S,RAN 10S,0,0,0,0,0
25245,EMITTER_RAN_11_LX,RAN 11 LX,0,0,0,0,0
25260,EMITTER_RAPIER_TA,Rapier TA,0,0,0,0,0
25265,EMITTER_RAPIER_2000_TA,Rapier 2000 TA,0,Dagger,0,0,0
25270,EMITTER_RAPIER_MG,Rapier MG,0,0,0,0,0
25280,EMITTER_RAT_31S,RAT-31S,0,0,0,0,0
25285,EMITTER_RATAC_LCT,RATAC (LCT),0,0,0,0,0
25290,EMITTER_RAYTHEON_1220,0,0,Raytheon 1220,0,0,0
25300,EMITTER_RAYTHEON_1302,0,0,Raytheon 1302,0,0,0
25335,EMITTER_RAYTHEON_1500,0,0,Raytheon 1500,0,0,0
25380,EMITTER_RAYTHEON_1645,0,0,Raytheon 1645,0,0,0
25425,EMITTER_RAYTHEON_1650,0,0,Raytheon 1650,0,0,0
25470,EMITTER_RAYTHEON_1900,0,0,Raytheon 1900,0,0,0
25515,EMITTER_RAYTHEON_2502,0,0,Raytheon 2502,0,0,0
25560,EMITTER_RAYTHEON_TM_1650_6X,0,0,Raytheon TM 1650/6X,0,0,0
25605,EMITTER_RAYTHEON_TM_1660_12S,0,0,Raytheon TM 1660/12S,0,0,0
25630,EMITTER_RAY_1220XR,RAY-1220XR,0,0,0,0,0
25635,EMITTER_RAY_1401,0,0,RAY-1401,0,0,0
25650,EMITTER_RAY_2900,0,0,Ray 2900,0,0,0
25695,EMITTER_RAYPATH,0,0,Raypath,0,0,0
25735,EMITTER_RBE2,RBE2,0,0,0,0,0
25740,EMITTER_RDM,RDM,0,0,0,0,0
25760,EMITTER_RDY,RDY,0,0,0,0,0
25785,EMITTER_RDN_72,RDN 72,0,0,0,0,0
25830,EMITTER_RDR_1A,RDR 1A,0,0,0,0,0
25835,EMITTER_RDR_1E,RDR 1E,0,0,0,0,0
25840,EMITTER_RDR_4A,RDR 4A,0,0,0,0,0
25875,EMITTER_RDR_1200,RDR 1200,0,0,0,0,0
25885,EMITTER_RDR_1400,RDR 1400,0,0,0,0,0
25890,EMITTER_RDR_1400_C,RDR 1400 C,0,0,0,0,0
25895,EMITTER_RDR_1500,RDR 1500,0,0,0,0,0
25920,EMITTER_RICE_LAMP,0,Rice Lamp,0,0,0,0
25965,EMITTER_RICE_PAD,0,Rice Pad,0,0,0,0
26010,EMITTER_RICE_SCREEN,0,Rice Screen,0,0,0,0
26020,EMITTER_ROCKWELL_COLLINS_FMR_200X,0,0,Rockwell Collins FMR-200X,0,1,1
26055,EMITTER_ROLAND_BN,ROLAND BN,0,0,0,0,0
26100,EMITTER_ROLAND_MG,ROLAND MG,0,0,0,0,0
26145,EMITTER_ROLAND_TA,ROLAND TA,0,0,0,0,0
26190,EMITTER_ROLAND_TT,ROLAND TT,0,0,0,0,0
26235,EMITTER_ROUND_BALL,0,Round Ball,0,0,0,0
26280,EMITTER_ROUND_HOUSE,0,Round House,0,0,0,0
26325,EMITTER_ROUND_HOUSE_B,0,Round House B,0,0,0,0
26330,EMITTER_RT_02_50,RT-02/50,0,0,0,0,0
26350,EMITTER_RTN_1A,RTN-1A,0,0,0,0,0
26370,EMITTER_RV2,RV2,0,0,0,0,0
26415,EMITTER_RV3,RV3,0,0,0,0,0
26460,EMITTER_RV5,RV5,0,0,0,0,0
26505,EMITTER_RV10,RV10,0,0,0,0,0
26550,EMITTER_RV17,RV17,0,0,0,0,0
26595,EMITTER_RV18,RV18,0,0,0,0,0
26610,EMITTER_RV_377,RV-377,0,0,0,0,0
26640,EMITTER_RV_UM,RV UM,0,0,0,0,0
26660,EMITTER_RXN_2_60,0,0,RXN 2-60,0,0,0
26670,EMITTER_S_1810CD,S-1810CD,0,0,0,0,0
26685,EMITTER_SA_2_GUIDELINE,0,SA 2 Guideline,0,0,0,0
26730,EMITTER_SA_3_GOA,0,SA 3 Goa,0,0,0,0
26775,EMITTER_SA_8_GECKO_DT,0,SA 8 Gecko DT,0,0,0,0
26795,EMITTER_SA_12_TELAR_ILL,0,SA-12 TELAR ILL,0,0,0,0
26820,EMITTER_SA_N_7_GADFLY_TI,0,SA N 7 Gadfly TI,0,0,0,0
26865,EMITTER_SA_N_11_CADS_1_UN,0,SA N 11 Cads 1 UN,0,0,0,0
26910,EMITTER_SALT_POT_A_AND_B,0,Salt Pot A and B,0,0,0,0
26955,EMITTER_SATURNE_II,SATURNE II,0,0,0,0,0
27000,EMITTER_SCAN_CAN,0,Scan Can,0,0,0,0
27045,EMITTER_SCAN_FIX,0,Scan Fix,0,0,0,0
27090,EMITTER_SCAN_ODD,0,Scan Odd,0,0,0,0
27135,EMITTER_SCAN_THREE,0,Scan Three,0,0,0,0
27140,EMITTER_SCANTER_CSR,SCANTER (CSR),0,0,0,0,0
27141,EMITTER_SCORADS,SCORADS,0,0,0,0,0
27150,EMITTER_SCOREBOARD,0,SCOREBOARD,0,0,0,0
27180,EMITTER_SCOUP_PLATE,0,Scoup Plate,0,0,0,0
27190,EMITTER_SCR_584,SCR-584,0,0,0,0,0
27225,EMITTER_SEA_ARCHER_2,Sea Archer 2,0,0,0,0,0
27270,EMITTER_SEA_HUNTER_4_MG,Sea Hunter 4 MG,0,0,0,0,0
27315,EMITTER_SEA_HUNTER_4_TA,Sea Hunter 4 TA,0,0,0,0,0
27360,EMITTER_SEA_HUNTER_4_TT,Sea Hunter 4 TT,0,0,0,0,0
27405,EMITTER_SEA_GULL,0,Sea Gull,0,0,0,0
27450,EMITTER_SEA_NET,0,Sea Net,0,0,0,0
27495,EMITTER_SEA_SPRAY,Sea Spray,0,0,0,0,0
27540,EMITTER_SEA_TIGER,Sea Tiger,0,0,0,0,0
27570,EMITTER_SEARCHWATER,Searchwater,0,0,0,0,0
27585,EMITTER_SELENIA_ORION_7,0,0,Selenia Orion 7,0,0,0
27630,EMITTER_SELENIA_TYPE_912,0,0,Selenia type 912,0,0,0
27675,EMITTER_SELENNIA_RAN_12_L_X,0,0,Selennia RAN 12 L/X,0,0,0
27720,EMITTER_SELENNIA_RTN_10X,0,0,Selennia RTN 10X,0,0,0
27765,EMITTER_SELINIA_ARP_1645,0,0,Selinia ARP 1645,0,0,0
27810,EMITTER_SGR_102_00,SGR 102 00,0,0,0,0,0
27855,EMITTER_SGR_103_02,SGR 103/02,0,0,0,0,0
27870,EMITTER_SGR_104,SGR-104,0,0,0,0,0
27900,EMITTER_SHEET_BEND,0,Sheet Bend,0,0,0,0
27945,EMITTER_SHEET_CURVE,0,Sheet Curve,0,0,0,0
27990,EMITTER_SHIP_GLOBE,0,Ship Globe,0,0,0,0
28035,EMITTER_SHIP_WHEEL,0,Ship Wheel,0,0,0,0
28080,EMITTER_SGR_114,SGR 114,0,0,0,0,0
28125,EMITTER_SHORE_WALK_A,0,Shore Walk A,0,0,0,0
28170,EMITTER_SHORT_HORN,0,Short Horn,0,0,0,0
28215,EMITTER_SHOT_DOME,0,Shot Dome,0,0,0,0
28260,EMITTER_SIDE_GLOBE_JN,0,Side Globe JN,0,0,0,0
28280,EMITTER_SIDE_NET,PRV-11,Side Net,0,0,0,0
28305,EMITTER_SIDE_WALK_A,0,Side Walk A,0,0,0,0
28350,EMITTER_SIGNAAL_DA_02,0,0,Signaal DA 02,0,0,0
28395,EMITTER_SIGNAAL_DA_05,0,0,Signaal DA 05,0,0,0
28440,EMITTER_SIGNAAL_DA_08,0,0,Signaal DA 08,0,0,0
28485,EMITTER_SIGNAAL_LW_08,0,0,Signaal LW 08,0,0,0
28530,EMITTER_SIGNAAL_LWOR,0,0,Signaal LWOR,0,0,0
28575,EMITTER_SIGNAAL_M45,0,0,Signaal M45,0,0,0
28620,EMITTER_SIGNAAL_MW_08,0,0,Signaal MW 08,0,0,0
28665,EMITTER_SIGNAAL_SMART,0,0,Signaal SMART,0,0,0
28710,EMITTER_SIGNAAL_STING,0,0,Signaal STING,0,0,0
28755,EMITTER_SIGNAAL_STIR,0,0,Signaal STIR,0,0,0
28800,EMITTER_SIGNAAL_WM_20_2,0,0,Signaal WM 20/2,0,0,0
28845,EMITTER_SIGNAAL_WM_25,0,0,Signaal WM 25,0,0,0
28890,EMITTER_SIGNAAL_WM_27,0,0,Signaal WM 27,0,0,0
28935,EMITTER_SIGNAAL_WM_28,0,0,Signaal WM 28,0,0,0
28980,EMITTER_SIGNAAL_ZW_01,0,0,Signaal ZW 01,0,0,0
29025,EMITTER_SIGNAAL_ZW_06,0,0,Signaal ZW 06,0,0,0
29070,EMITTER_SKI_POLE,0,Ski Pole,0,0,0,0
29115,EMITTER_SKIN_HEAD,0,Skin Head,0,0,0,0
29160,EMITTER_SKIP_SPIN,0,Skip Spin,0,0,0,0
29185,EMITTER_SKYGUARD_TA,SKYGUARD TA,0,UAR-1021,0,0,0
29190,EMITTER_SKYGUARD_TT,SKYGUARD TT,0,UAR-1021,0,0,0
29205,EMITTER_SKY_WATCH,0,Sky Watch,0,0,0,0
29215,EMITTER_SKYSHADOW,0,0,SKYSHADOW,0,0,0
29220,EMITTER_SKYSHIELD_TA,SKYSHIELD TA,0,0,0,0,0
29250,EMITTER_SL,SL,0,0,0,0,0
29270,EMITTER_SL_ALQ_234,SL/ALQ-234,0,0,0,0,0
29295,EMITTER_SLAP_SHOT_E,0,Slap Shot E,0,0,0,0
29340,EMITTER_SLIM_NET,0,Slim Net,0,0,0,0
29385,EMITTER_SLOT_BACK_A,0,Slot Back A,0,0,0,0
29400,EMITTER_SLOT_BACK_ILL,0,Slot Back ILL,0,0,0,0
29430,EMITTER_SLOT_BACK_B,0,Slot Back B,0,0,0,0
29440,EMITTER_SLOT_REST,0,Slot Rest,0,0,0,0
29475,EMITTER_SMA_3_RM,0,0,SMA 3 RM,0,0,0
29520,EMITTER_SMA_3_RM_20,0,0,SMA 3 RM 20,0,0,0
29565,EMITTER_SMA_3RM_20A_SMG,0,0,SMA 3RM 20A/SMG,0,0,0
29610,EMITTER_SMA_BPS_704,0,0,SMA BPS 704,0,0,0
29655,EMITTER_SMA_SPIN_749_V_2,0,0,SMA SPIN 749 (V) 2,0,0,0
29700,EMITTER_SMA_SPN_703,0,0,SMA SPN 703,0,0,0
29745,EMITTER_SMA_SPN_751,0,0,SMA SPN 751,0,0,0
29790,EMITTER_SMA_SPOS_748,0,0,SMA SPOS 748,0,0,0
29835,EMITTER_SMA_SPQ_2,0,0,SMA SPQ 2,0,0,0
29880,EMITTER_SMA_SPQ_2D,0,0,SMA SPQ 2D,0,0,0
29925,EMITTER_SMA_SPQ_701,0,0,SMA SPQ 701,0,0,0
29970,EMITTER_SMA_SPS_702_UPX,0,0,SMA SPS 702 UPX,0,0,0
30015,EMITTER_SMA_ST_2_OTOMAT_II_MH,0,0,SMA ST 2 OTOMAT II MH,0,0,0
30060,EMITTER_SMA_718_BEACON,0,0,SMA 718 Beacon,0,0,0
30080,EMITTER_SNAP_SHOT,0,Snap Shot,0,0,0,0
30105,EMITTER_SNOOP_DRIFT,0,Snoop Drift,0,0,0,0
30150,EMITTER_SNOOP_HEAD,0,Snoop Head,0,0,0,0
30195,EMITTER_SNOOP_PAIR,0,Snoop Pair,0,0,0,0
30240,EMITTER_SNOOP_PLATE,0,Snoop Plate,0,0,0,0
30285,EMITTER_SNOOP_SLAB,0,Snoop Slab,0,0,0,0
30330,EMITTER_SNOOP_TRAY,0,Snoop Tray,0,0,0,0
30375,EMITTER_SNOOP_TRAY_1,0,Snoop Tray 1,0,0,0,0
30420,EMITTER_SNOOP_TRAY_2,0,Snoop Tray 2,0,0,0,0
30465,EMITTER_SNOOP_WATCH,0,Snoop Watch,0,0,0,0
30470,EMITTER_SNOW_DRIFT,9S18M1,Snow Drift,0,0,0,0
30510,EMITTER_SO_1,SO-1,0,0,0,0,0
30520,EMITTER_SO_12,SO-12,0,0,0,0,0
30555,EMITTER_SO_A_COMMUNIST,SO A Communist,0,0,0,0,0
30580,EMITTER_SO_69,SO-69,0,0,0,0,0
30600,EMITTER_SOCK_EYE,0,Sock Eye,0,0,0,0
30645,EMITTER_SOM_64,SOM 64,0,0,0,0,0
30670,EMITTER_SPADA_TT,0,SPADA TT,0,0,0,0
30690,EMITTER_SPARROW_AIM_RIM_7_ILL,Sparrow (AIM/RIM-7) ILL,0,0,0,0,0
30700,EMITTER_SPERRY_M_3,0,0,Sperry M-3,0,0,0
30735,EMITTER_SPG_53F,SPG 53F,0,0,0,0,0
30780,EMITTER_SPG_70_RTN_10X,SPG 70 (RTN 10X),0,0,0,0,0
30825,EMITTER_SPG_74_RTN_20X,SPG 74 (RTN 20X),0,0,0,0,0
30870,EMITTER_SPG_75_RTN_30X,SPG 75 (RTN 30X),0,0,0,0,0
30915,EMITTER_SPG_76_RTN_30X,SPG 76 (RTN 30X),0,0,0,0,0
30960,EMITTER_SPIN_SCAN_A,0,Spin Scan A,0,0,0,0
31005,EMITTER_SPIN_SCAN_B,0,Spin Scan B,0,0,0,0
31050,EMITTER_SPIN_TROUGH,0,Spin Trough,0,0,0,0
31095,EMITTER_SPLASH_DROP,0,Splash Drop,0,0,0,0
31140,EMITTER_SPN_35A,SPN 35A,0,0,0,0,0
31185,EMITTER_SPN_41,SPN 41,0,0,0,0,0
31230,EMITTER_SPN_42,SPN 42,0,0,0,0,0
31275,EMITTER_SPN_43A,SPN 43A,0,0,0,0,0
31320,EMITTER_SPN_43B,SPN 43B,0,0,0,0,0
31365,EMITTER_SPN_44,SPN 44,0,0,0,0,0
31410,EMITTER_SPN_46,SPN 46,0,0,0,0,0
31455,EMITTER_SPN_703,SPN 703,0,0,0,0,0
31500,EMITTER_SPN_728_V_1,SPN 728 (V) 1,0,0,0,0,0
31545,EMITTER_SPN_748,SPN 748,0,0,0,0,0
31590,EMITTER_SPN_750,SPN 750,0,0,0,0,0
31635,EMITTER_SPONGE_CAKE,0,Sponge Cake,0,0,0,0
31680,EMITTER_SPOON_REST,P-12,Spoon Rest,0,0,0,0
31681,EMITTER_SPOON_REST_A,P-18,Spoon Rest A,0,0,0,0
31682,EMITTER_SPOON_REST_B,P-18,Spoon Rest B,0,0,0,0
31684,EMITTER_SPOON_REST_D,P-18,Spoon Rest D,0,0,0,0
31725,EMITTER_SPQ_712_RAN_12_L_X,SPQ 712 (RAN 12 L/X),0,0,0,0,0
31770,EMITTER_SPS_6C,SPS 6C,0,0,0,0,0
31815,EMITTER_SPS_10F,SPS 10F,0,0,0,0,0
31860,EMITTER_SPS_12,SPS 12,0,0,0,0,0
31905,EMITTER_DELETED_SPS_58,SPS 58,0,0,1,0,0
31950,EMITTER_DELETED_SPS_64,SPS 64,0,0,1,0,0
31995,EMITTER_SPS_768_RAN_EL,SPS 768 (RAN EL),0,0,0,0,0
32040,EMITTER_SPS_774_RAN_10S,SPS 774 (RAN 10S),0,0,0,0,0
32085,EMITTER_SPY_790,SPY 790,0,0,0,0,0
32130,EMITTER_SQUARE_HEAD,0,Square Head,0,0,0,0
32175,EMITTER_SQUARE_PAIR,0,Square Pair,0,0,0,0
32220,EMITTER_SQUARE_SLOT,0,Square Slot,0,0,0,0
32265,EMITTER_SQUARE_TIE,0,Square Tie,0,0,0,0
32310,EMITTER_SQUASH_DOME,0,Squash Dome,0,0,0,0
32330,EMITTER_SQUAT_EYE,P-15M,Squat Eye,0,0,0,0
32355,EMITTER_SQUINT_EYE,0,Squint Eye,0,0,0,0
32400,EMITTER_SRN_6,SRN 6,0,0,0,0,0
32445,EMITTER_SRN_15,SRN 15,0,0,0,0,0
32490,EMITTER_SRN_745,SRN 745,0,0,0,0,0
32535,EMITTER_SRO_1,SRO 1,0,0,0,0,0
32580,EMITTER_SRO_2,SRO 2,0,0,0,0,0
32625,EMITTER_SS_C_2B_SAMLET_MG,0,SS C 2B Samlet MG,0,0,0,0
32670,EMITTER_SS_N_2A_B_CSSC,0,SS N 2A B CSSC,0,0,0,0
32715,EMITTER_SS_N_2A_B_CSSC_2A_3A2_MH,0,SS N 2A B CSSC 2A 3A2 MH,0,0,0,0
32760,EMITTER_SS_N_2C_SEEKER,0,SS N 2C Seeker,0,0,0,0
32805,EMITTER_SS_N_2C_D_STYX,0,SS N 2C D Styx,0,0,0,0
32850,EMITTER_SS_N_2C_D_STYX_C_D_MH,0,SS N 2C D Styx C D MH,0,0,0,0
32895,EMITTER_SS_N_3_SSC_SS_C_18_BN,0,SS N 3 SSC SS C 18 BN,0,0,0,0
32940,EMITTER_SS_N_3B_SEPAL_AL,0,SS N 3B Sepal AL,0,0,0,0
32985,EMITTER_SS_N_3B_SEPAL_MH,0,SS N 3B Sepal MH,0,0,0,0
33030,EMITTER_SS_N_9_SIREN,0,SS N 9 Siren,0,0,0,0
33075,EMITTER_SS_N_9_SIREN_AL,0,SS N 9 Siren AL,0,0,0,0
33120,EMITTER_SS_N_9_SIREN_MH,0,SS N 9 Siren MH,0,0,0,0
33165,EMITTER_SS_N_12_SANDBOX_AL,0,SS N 12 Sandbox AL,0,0,0,0
33210,EMITTER_SS_N_12_SANDBOX_MH,0,SS N 12 Sandbox MH,0,0,0,0
33255,EMITTER_SS_N_19_SHIPWRECK,0,SS N 19 Shipwreck,0,0,0,0
33300,EMITTER_SS_N_19_SHIPWRECK_AL,0,SS N 19 Shipwreck AL,0,0,0,0
33345,EMITTER_SS_N_19_SHIPWRECK_MH,0,SS N 19 Shipwreck MH,0,0,0,0
33390,EMITTER_SS_N_21_AL,0,SS N 21 AL,0,0,0,0
33435,EMITTER_SS_N_22_SUNBURN,0,SS N 22 Sunburn,0,0,0,0
33480,EMITTER_SS_N_22_SUNBURN_MH,0,SS N 22 Sunburn MH,0,0,0,0
33525,EMITTER_STONE_CAKE,0,Stone Cake,0,0,0,0
33570,EMITTER_STR_41,STR 41,0,0,0,0,0
33590,EMITTER_STRAIGHT_FLUSH_TA,0,Straight Flush TA,0,0,0,0
33595,EMITTER_STRAIGHT_FLUSH_TT,0,Straight Flush TT,0,0,0,0
33600,EMITTER_STRAIGHT_FLUSH_ILL,0,Straight Flush ILL,0,0,0,0
33615,EMITTER_STRIKE_OUT,0,Strike Out,0,0,0,0
33660,EMITTER_STRUT_CURVE,0,Strut Curve,0,0,0,0
33705,EMITTER_STRUT_PAIR,0,Strut Pair,0,0,0,0
33750,EMITTER_STRUT_PAIR_1,0,Strut Pair 1,0,0,0,0
33795,EMITTER_STRUT_PAIR_2,0,Strut Pair 2,0,0,0,0
33840,EMITTER_SUN_VISOR,0,Sun Visor,0,0,0,0
33860,EMITTER_SUPERFLEDERMAUS,Superfledermaus,0,0,0,0,0
33885,EMITTER_SWIFT_ROD_1,0,Swift Rod 1,0,0,0,0
33930,EMITTER_SWIFT_ROD_2,0,Swift Rod 2,0,0,0,0
33975,EMITTER_T1166,0,T1166,0,0,0,0
34020,EMITTER_T1171,0,T1171,0,0,0,0
34040,EMITTER_T1202,0,T1202,0,0,0,0
34065,EMITTER_T6004,0,T6004,0,0,0,0
34110,EMITTER_T6031,0,T6031,0,0,0,0
34155,EMITTER_T8067,0,T8067,0,0,0,0
34200,EMITTER_T8068,0,T8068,0,0,0,0
34245,EMITTER_T8124,0,T8124,0,0,0,0
34290,EMITTER_T8408,0,T8408,0,0,0,0
34335,EMITTER_T8911,0,T8911,0,0,0,0
34380,EMITTER_T8937,0,T8937,0,0,0,0
34425,EMITTER_T8944,0,T8944,0,0,0,0
34470,EMITTER_T8987,0,T8987,0,0,0,0
34515,EMITTER_TALL_KING,P-14,Tall King,0,0,0,0
34560,EMITTER_TALL_MIKE,0,Tall Mike,0,0,0,0
34605,EMITTER_TALL_PATH,0,Tall Path,0,0,0,0
34625,EMITTER_TEAM_WORK,0,Team Work,0,0,0,0
34640,EMITTER_THAAD_GBR,THAAD GBR,0,0,0,0,0
34650,EMITTER_THD_225,THD 225,0,0,0,0,0
34670,EMITTER_THD_1940,THD 1940,0,Picador,0,0,0
34695,EMITTER_THD_5500,THD 5500,0,0,0,0,0
34740,EMITTER_THIN_PATH,0,Thin Path,0,0,0,0
34785,EMITTER_THIN_SKIN,PRV-9,Thin Skin,0,0,0,0
34795,EMITTER_THOMPSON_CSF_TA_10,0,0,Thompson CSF TA-10,0,0,0
34830,EMITTER_THOMPSON_CSF_TH_D_1040_NEPTUNE,0,0,Thompson CSF TH D 1040 Neptune,0,0,0
34875,EMITTER_THOMPSON_CSF_CALYPSO,0,0,Thompson CSF Calypso,0,0,0
34920,EMITTER_THOMPSON_CSF_CASTOR,0,0,Thompson CSF CASTOR,0,0,0
34965,EMITTER_THOMPSON_CSF_CASTOR_II,0,0,Thompson CSF Castor II,0,0,0
35010,EMITTER_THOMPSON_CSF_DRBC_32A,0,0,Thompson CSF DRBC 32A,0,0,0
35055,EMITTER_THOMPSON_CSF_DRBJ_11_D_E,0,0,Thompson CSF DRBJ 11 D/E,0,0,0
35100,EMITTER_THOMPSON_CSF_DRBV_15A,0,0,Thompson CSF DRBV 15A,0,0,0
35145,EMITTER_THOMPSON_CSF_DRBV_15C,0,0,Thompson CSF DRBV 15C,0,0,0
35190,EMITTER_THOMPSON_CSF_DRBV_22D,0,0,Thompson CSF DRBV 22D,0,0,0
35235,EMITTER_THOMPSON_CSF_DRBV_23B,0,0,Thompson CSF DRBV 23B,0,0,0
35280,EMITTER_THOMPSON_CSF_DRUA_33,0,0,Thompson CSF DRUA 33,0,0,0
35325,EMITTER_THOMPSON_CSF_MARS_DRBV_21A,0,0,Thompson CSF Mars DRBV 21A,0,0,0
35370,EMITTER_THOMPSON_CSF_SEA_TIGER,0,0,Thompson CSF Sea Tiger,0,0,0
35415,EMITTER_THOMPSON_CSF_TRITON,0,0,Thompson CSF Triton,0,0,0
35460,EMITTER_THOMPSON_CSF_VEGA_WITH_DRBC_32E,0,0,Thompson CSF Vega with DRBC 32E,0,0,0
35480,EMITTER_TRS_2105,TRS-2105,0,TIGER-G,0,0,0
35490,EMITTER_TRS_2100,TRS-2100,0,TIGER-S,0,0,0
35505,EMITTER_TIE_RODS,0,Tie Rods,0,0,0,0
35550,EMITTER_TIN_SHIELD,36D6,Tin Shield,0,0,0,0
35570,EMITTER_TIN_TRAP,0,Tin Trap,0,0,0,0
35580,EMITTER_TIRSPONDER,TIRSPONDER,0,0,0,0,0
35595,EMITTER_TOAD_STOOL_1,0,Toad Stool 1,0,0,0,0
35640,EMITTER_TOAD_STOOL_2,0,Toad Stool 2,0,0,0,0
35685,EMITTER_TOAD_STOOL_3,0,Toad Stool 3,0,0,0,0
35730,EMITTER_TOAD_STOOL_4,0,Toad Stool 4,0,0,0,0
35775,EMITTER_TOAD_STOOL_5,0,Toad Stool 5,0,0,0,0
35800,EMITTER_TOMB_STONE,0,Tomb Stone,0,0,0,0
35820,EMITTER_TOP_BOW,0,Top Bow,0,0,0,0
35865,EMITTER_TOP_DOME,0,Top Dome,0,0,0,0
35910,EMITTER_TOP_KNOT,0,Top Knot,0,0,0,0
35955,EMITTER_TOP_MESH,0,Top Mesh,0,0,0,0
36000,EMITTER_TOP_PAIR,0,Top Pair,0,0,0,0
36045,EMITTER_TOP_PLATE,0,Top Plate,0,0,0,0
36090,EMITTER_TOP_SAIL,0,Top Sail,0,0,0,0
36135,EMITTER_TOP_STEER,0,Top Steer,0,0,0,0
36180,EMITTER_TOP_TROUGH,0,Top Trough,0,0,0,0
36220,EMITTER_SCRUM_HALF_TA,0,Scrum Half TA,0,0,0,0
36225,EMITTER_SCRUM_HALF_TT,0,Scrum Half TT,0,0,0,0
36230,EMITTER_SCRUM_HALF_MG,0,Scrum Half MG,0,0,0,0
36270,EMITTER_TRACK_DISH,0,Track Dish,0,0,0,0
36315,EMITTER_TORSO_M,TORSO M,0,0,0,0,0
36360,EMITTER_TRAP_DOOR,0,Trap Door,0,0,0,0
36380,EMITTER_TRISPONDE,TRISPONDE,0,0,0,0,0
36405,EMITTER_TRS_3033,TRS 3033,0,0,0,0,0
36420,EMITTER_TRS_3405,TRS 3405,0,0,0,0,0
36425,EMITTER_TRS_3410,TRS 3410,0,0,0,0,0
36430,EMITTER_TRS_3415,TRS 3415,0,0,0,0,0
36450,EMITTER_TRS_N,TRS-N,0,0,0,0,0
36495,EMITTER_TSE_5000,TSE 5000,0,0,0,0,0
36540,EMITTER_TSR_333,TSR 333,0,0,0,0,0
36585,EMITTER_TUBE_ARM,0,Tube Arm,0,0,0,0
36630,EMITTER_TWIN_EYES,0,Twin Eyes,0,0,0,0
36675,EMITTER_TWIN_PILL,0,Twin Pill,0,0,0,0
36720,EMITTER_TWIN_SCAN,0,Twin Scan,0,0,0,0
36765,EMITTER_TWIN_SCAN_RO,0,Twin Scan Ro,0,0,0,0
36810,EMITTER_TWO_SPOT,0,Two Spot,0,0,0,0
36855,EMITTER_TYPE_262,TYPE 262,0,0,0,0,0
36900,EMITTER_TYPE_275,TYPE 275,0,0,0,0,0
36945,EMITTER_TYPE_293,TYPE 293,0,0,0,0,0
36990,EMITTER_TYPE_343_SUN_VISOR_B,TYPE 343 SUN VISOR B,0,0,0,0,0
37035,EMITTER_TYPE_347B,TYPE 347B,0,0,0,0,0
37050,EMITTER_TYPE_404ACH,Type-404A(CH),0,0,0,0,0
37080,EMITTER_TYPE_756,Type 756,0,0,0,0,0
37125,EMITTER_TYPE_903,TYPE 903,0,0,0,0,0
37170,EMITTER_TYPE_909_TI,TYPE 909 TI,0,0,0,0,0
37215,EMITTER_TYPE_909_TT,TYPE 909 TT,0,0,0,0,0
37260,EMITTER_TYPE_910,TYPE 910,0,0,0,0,0
37265,EMITTER_TYPE_931CH,TYPE-931(CH),0,0,0,0,0
37305,EMITTER_TYPE_965,TYPE 965,0,0,0,0,0
37350,EMITTER_TYPE_967,TYPE 967,0,0,0,0,0
37395,EMITTER_TYPE_968,TYPE 968,0,0,0,0,0
37440,EMITTER_TYPE_974,TYPE 974,0,0,0,0,0
37485,EMITTER_TYPE_975,TYPE 975,0,0,0,0,0
37530,EMITTER_TYPE_978,TYPE 978,0,0,0,0,0
37575,EMITTER_TYPE_992,TYPE 992,0,0,0,0,0
37620,EMITTER_TYPE_993,TYPE 993,0,0,0,0,0
37665,EMITTER_TYPE_994,TYPE 994,0,0,0,0,0
37710,EMITTER_TYPE_10061,TYPE 1006(1),0,0,0,0,0
37755,EMITTER_TYPE_10062,TYPE 1006(2),0,0,0,0,0
37800,EMITTER_TYPE_1022,TYPE 1022,0,0,0,0,0
37845,EMITTER_UK_MK_10,UK MK 10,0,0,0,0,0
37850,EMITTER_UPS_220C,UPS-220C,0,0,0,0,0
37890,EMITTER_UPX_1_10,UPX 1 10,0,0,0,0,0
37935,EMITTER_UPX_27,UPX 27,0,0,0,0,0
37980,EMITTER_URN_20,URN 20,0,0,0,0,0
38025,EMITTER_URN_25,URN 25,0,0,0,0,0
38045,EMITTER_VOLEX_III_IV,VOLEX III/IV,0,0,0,0,0
38070,EMITTER_W8818,W8818,0,0,0,0,0
38115,EMITTER_W8838,W8838,0,0,0,0,0
38120,EMITTER_W8852,W8852,0,0,0,0,0
38160,EMITTER_WAS_74S,WAS-74S,0,0,0,0,0
38205,EMITTER_WASP_HEAD,0,Wasp Head,0,0,0,0
38210,EMITTER_WATCHDOG,WATCHDOG,0,0,0,0,0
38250,EMITTER_WATCH_GUARD,0,Watch Guard,0,0,0,0
38260,EMITTER_WATCHMAN,Watchman,0,0,0,0,0
38295,EMITTER_WESTERN_ELECTRIC_MK_10,0,0,Western Electric MK 10,0,0,0
38320,EMITTER_WESTINGHOUSE_ADR_4_LRSR,0,0,Westinghouse ADR-4 LRSR,0,0,0
38340,EMITTER_WESTINGHOUSE_ELECTRIC_SPG_50,0,0,Westinghouse Electric SPG 50,0,0,0
38385,EMITTER_WESTINGHOUSE_ELECTRIC_W_120,0,0,Westinghouse Electric W 120,0,0,0
38430,EMITTER_WESTINGHOUSE_SPS_29C,0,0,Westinghouse SPS 29C,0,0,0
38475,EMITTER_WESTINGHOUSE_SPS_37,0,0,Westinghouse SPS 37,0,0,0
38520,EMITTER_WET_EYE,Wet Eye,0,0,0,0,0
38565,EMITTER_WET_EYE_MOD,Wet Eye Mod,0,0,0,0,0
38570,EMITTER_WGU_41_B,WGU-41/B,0,0,0,0,0
38572,EMITTER_WGU_44_B,WGU-44/B,0,0,0,0,0
38610,EMITTER_WHIFF,0,Whiff,0,0,0,0
38655,EMITTER_WHIFF_BRICK,0,Whiff Brick,0,0,0,0
38700,EMITTER_WHIFF_FIRE,0,Whiff Fire,0,0,0,0
38715,EMITTER_WHITE_HOUSE,0,WHITE HOUSE,0,0,0,0
38745,EMITTER_WILD_CARD,Wild Card,0,0,0,0,0
38790,EMITTER_WITCH_EIGHT,0,Witch Eight,0,0,0,0
38835,EMITTER_WITCH_FIVE,0,Witch Five,0,0,0,0
38880,EMITTER_WM2X_SERIES,WM2X Series,0,0,0,0,0
38925,EMITTER_WM2X_SERIES_CAS,WM2X Series CAS,0,0,0,0,0
38950,EMITTER_WSR_74C,WSR-74C,0,0,0,0,0
38955,EMITTER_WSR_74S,WSR-74S,0,0,0,0,0
38970,EMITTER_WOOD_GAGE,0,Wood Gage,0,0,0,0
39015,EMITTER_YARD_RAKE,0,Yard Rake,0,0,0,0
39060,EMITTER_YEW_LOOP,0,Yew Loop,0,0,0,0
39105,EMITTER_YO_YO,0,Yo-Yo,0,0,0,0
39200,EMITTER_AN_ALQ_136V1,AN/ALQ-136(V)1,0,0,0,1,1
39201,EMITTER_AN_ALQ_136V2,AN/ALQ-136(V)2,0,0,0,1,1
39202,EMITTER_AN_ALQ_136V3,AN/ALQ-136(V)3,0,0,0,1,1
39203,EMITTER_AN_ALQ_136V4,AN/ALQ-136(V)4,0,0,0,1,1
39204,EMITTER_AN_ALQ_136V5,AN/ALQ-136(V)5,0,0,0,1,1
39210,EMITTER_AN_ALQ_162_V2,AN/ALQ-162(V)2 (see also 1638),0,0,0,1,1
39211,EMITTER_AN_ALQ_162_V3,AN/ALQ-162(V)3,0,0,0,1,1
39212,EMITTER_AN_ALQ_162_V4,AN/ALQ-162(V)4,0,0,0,1,1
64000,EMITTER_AN_ALR_46,AN/ALR-46,0,0,0,1,1
64010,EMITTER_DELETED_ALR_56,ALR-56,,,1,1,1
64020,EMITTER_AN_ALR_59,AN/ALR-59,,,0,1,1
64030,EMITTER_AN_ALR_67,AN/ALR-67,,,0,1,1
64032,EMITTER_DELETED_ALR_69,ALR-69,,,1,1,1
64045,EMITTER_AN_AYR_2,AN/AYR-2,,,0,1,1
64048,EMITTER_PASTEL,Pastel,,,0,1,1
64050,EMITTER_SERVAL,Serval,,,0,1,1
64060,EMITTER_SHERLOC,Sherloc,,,0,1,1
64061,EMITTER_SHERLOCVF,Sherlocvf,,,0,1,1
64070,EMITTER_SIRENA_2,Sirena-2,,,0,1,1
64080,EMITTER_SIRENA_3,Sirena-3,,,0,1,1
64090,EMITTER_SIRENA_3M,Sirena-3M,,,0,1,1
64100,EMITTER_SKY_GUARDIAN,Sky Guardian,,,0,1,1
64110,EMITTER_SPO_15,SPO-15,,,0,1,1
64120,EMITTER_SPS_200,SPS-200,,,0,1,1
64130,EMITTER_KJ_200,KJ-200,,,0,1,1
64135,EMITTER_KJ_8602,KJ-8602,,,0,1,1
65000,EMITTER_FLANKER,Flanker,,,0,1,1
65010,EMITTER_FOXHOUND,Foxhound,,,0,1,1
65020,EMITTER_FULCRUM,Fulcrum,,,0,1,1
65030,EMITTER_FOXBAT,Foxbat,,,0,1,1
65040,EMITTER_CHAPARRAL,Chaparral,,,0,1,1
65043,EMITTER_HIND,Hind,,,0,1,1
65044,EMITTER_HAVOC,Havoc,,,0,1,1
